"CVEGEO","NOMGEO","n_federal_offices","no_n_federal_offices"
1005,"JESUS MARIA",9,0
1005,"JESUS MARIA",8,0
1008,"SAN JOSE DE GRACIA",8,0
1001,"AGUASCALIENTES",133,0
1004,"COSIO",6,0
1011,"SAN FRANCISCO DE LOS ROMO",3,0
1006,"PABELLON DE ARTEAGA",13,0
1003,"CALVILLO",154,0
1010,"EL LLANO",8,0
1002,"ASIENTOS",13,0
1009,"TEPEZALA",4,0
1007,"RINCON DE ROMOS",11,0
2003,"TECATE",27,0
2004,"TIJUANA",135,0
2001,"ENSENADA",181,0
2006,"SAN QUINTIN",16,0
2007,"SAN FELIPE",1,0
2007,"SAN FELIPE",31,0
2007,"SAN FELIPE",3,0
2002,"MEXICALI",377,0
2005,"PLAYAS DE ROSARITO",13,0
3002,"MULEGE",116,0
3009,"LORETO",69,0
3009,"LORETO",17,0
3008,"LOS CABOS",81,0
3003,"LA PAZ",189,0
3003,"LA PAZ",28,0
3001,"COMONDU",104,0
4003,"CARMEN",165,0
4007,"PALIZADA",10,0
4013,"DZITBALCHE",0,1
4005,"HECELCHAKAN",16,0
4004,"CHAMPOTON",65,0
4011,"CANDELARIA",25,0
4012,"SEYBAPLAYA",3,0
4002,"CAMPECHE",152,0
4006,"HOPELCHEN",30,0
4001,"CALKINI",19,0
4010,"CALAKMUL",18,0
4009,"ESCARCEGA",30,0
4008,"TENABO",6,0
5005,"CANDELA",1,0
5017,"MATAMOROS",7,0
5017,"MATAMOROS",26,0
5017,"MATAMOROS",146,0
5018,"MONCLOVA",45,0
5014,"JIMENEZ",33,0
5014,"JIMENEZ",10,0
5014,"JIMENEZ",23,0
5014,"JIMENEZ",7,0
5035,"TORREON",120,0
5013,"HIDALGO",6,0
5013,"HIDALGO",118,0
5013,"HIDALGO",2,0
5013,"HIDALGO",25,0
5015,"JUAREZ",27,0
5015,"JUAREZ",171,0
5015,"JUAREZ",3,0
5015,"JUAREZ",2,0
5015,"JUAREZ",6,0
5020,"MUZQUIZ",22,0
5024,"PARRAS",33,0
5026,"PROGRESO",3,0
5026,"PROGRESO",56,0
5027,"RAMOS ARIZPE",73,0
5025,"PIEDRAS NEGRAS",39,0
5028,"SABINAS",20,0
5030,"SALTILLO",127,0
5031,"SAN BUENAVENTURA",13,0
5016,"LAMADRID",3,0
5004,"ARTEAGA",9,0
5004,"ARTEAGA",81,0
5002,"ACUNA",29,0
5032,"SAN JUAN DE SABINAS",8,0
5033,"SAN PEDRO",41,0
5009,"FRANCISCO I. MADERO",27,0
5009,"FRANCISCO I. MADERO",12,0
5012,"GUERRERO",70,0
5012,"GUERRERO",2,0
5012,"GUERRERO",14,0
5006,"CASTANOS",14,0
5003,"ALLENDE",19,0
5003,"ALLENDE",17,0
5003,"ALLENDE",2,0
5023,"OCAMPO",11,0
5023,"OCAMPO",12,0
5023,"OCAMPO",16,0
5023,"OCAMPO",1,0
5023,"OCAMPO",12,0
5023,"OCAMPO",10,0
5008,"ESCOBEDO",6,0
5022,"NAVA",11,0
5019,"MORELOS",12,0
5019,"MORELOS",4,0
5019,"MORELOS",13,0
5019,"MORELOS",6,0
5019,"MORELOS",10,0
5007,"CUATRO CIENEGAS",24,0
5034,"SIERRA MOJADA",24,0
5037,"VILLA UNION",3,0
5029,"SACRAMENTO",1,0
5001,"ABASOLO",1,0
5001,"ABASOLO",16,0
5001,"ABASOLO",2,0
5001,"ABASOLO",19,0
5038,"ZARAGOZA",15,0
5038,"ZARAGOZA",6,0
5038,"ZARAGOZA",15,0
5038,"ZARAGOZA",3,0
5021,"NADADORES",4,0
5010,"FRONTERA",13,0
5011,"GENERAL CEPEDA",33,0
5036,"VIESCA",21,0
6006,"IXTLAHUACAN",7,0
6002,"COLIMA",93,0
6005,"CUAUHTEMOC",46,0
6005,"CUAUHTEMOC",805,0
6005,"CUAUHTEMOC",17,0
6005,"CUAUHTEMOC",5,0
6008,"MINATITLAN",8,0
6008,"MINATITLAN",281,0
6001,"ARMERIA",37,0
6004,"COQUIMATLAN",21,0
6010,"VILLA DE ALVAREZ",27,0
6003,"COMALA",18,0
6007,"MANZANILLO",129,0
6009,"TECOMAN",53,0
7019,"COMITAN DE DOMINGUEZ",58,0
7090,"TAPALAPA",1,0
7020,"LA CONCORDIA",36,0
7021,"COPAINALA",10,0
7079,"SAN FERNANDO",11,0
7079,"SAN FERNANDO",52,0
7109,"YAJALON",17,0
7108,"VILLAFLORES",54,0
7107,"VILLA CORZO",26,0
7106,"VENUSTIANO CARRANZA",70,0
7106,"VENUSTIANO CARRANZA",191,0
7106,"VENUSTIANO CARRANZA",10,0
7106,"VENUSTIANO CARRANZA",12,0
7104,"TZIMOL",46,0
7103,"TUZANTAN",12,0
7102,"TUXTLA CHICO",16,0
7101,"TUXTLA GUTIERREZ",121,0
7120,"CAPITAN LUIS ANGEL VIDAL",0,1
7074,"REFORMA",41,0
7075,"LAS ROSAS",5,0
7057,"MOTOZINTLA",49,0
7007,"AMATENANGO DEL VALLE",4,0
7111,"ZINACANTAN",8,0
7054,"MAZATAN",46,0
7054,"MAZATAN",3,0
7076,"SABANILLA",19,0
7081,"SIMOJOVEL",51,0
7063,"OSUMACINTA",1,0
7110,"SAN LUCAS",2,0
7110,"SAN LUCAS",18,0
7051,"MAPASTEPEC",52,0
7070,"EL PORVENIR",9,0
7112,"SAN JUAN CANCUC",12,0
7050,"LA LIBERTAD",2,0
7022,"CHALCHIHUITAN",7,0
7053,"MAZAPA DE MADERO",11,0
7080,"SILTEPEC",33,0
7049,"LARRAINZAR",7,0
7065,"PALENQUE",67,0
7086,"SUCHIAPA",6,0
7062,"OSTUACAN",11,0
7077,"SALTO DE AGUA",79,0
7082,"SITALA",9,0
7024,"CHANAL",5,0
7121,"RINCON CHAMULA SAN PEDRO",0,1
7042,"IXHUATAN",4,0
7025,"CHAPULTENANGO",2,0
7018,"COAPILLA",4,0
7052,"LAS MARGARITAS",72,0
7026,"CHENALHO",20,0
7083,"SOCOLTENANGO",65,0
7084,"SOLOSUCHIAPA",4,0
7089,"TAPACHULA",203,0
7068,"PICHUCALCO",23,0
7027,"CHIAPA DE CORZO",22,0
7048,"JUAREZ",27,0
7048,"JUAREZ",171,0
7048,"JUAREZ",3,0
7048,"JUAREZ",2,0
7048,"JUAREZ",6,0
7046,"JIQUIPILAS",28,0
7105,"UNION JUAREZ",11,0
7100,"TUMBALA",49,0
7045,"IXTAPANGAJOYA",4,0
7114,"BENEMERITO DE LAS AMERICAS",6,0
7028,"CHIAPILLA",2,0
7029,"CHICOASEN",4,0
7091,"TAPILULA",5,0
7073,"RAYON",2,0
7073,"RAYON",3,0
7073,"RAYON",15,0
7073,"RAYON",2,0
7030,"CHICOMUSELO",12,0
7044,"IXTAPA",5,0
7008,"ANGEL ALBINO CORZO",8,0
7009,"ARRIAGA",26,0
7031,"CHILON",42,0
7043,"IXTACOMITAN",3,0
7017,"CINTALAPA DE FIGUEROA",0,1
7119,"SANTIAGO EL PINAR",2,0
7116,"MARQUES DE COMILLAS",7,0
7060,"OCOTEPEC",5,0
7060,"OCOTEPEC",3,0
7058,"NICOLAS RUIZ",2,0
7041,"LA INDEPENDENCIA",128,0
7040,"HUIXTLA",72,0
7056,"MITONTIC",5,0
7039,"HUITIUPAN",18,0
7099,"LA TRINITARIA",71,0
7097,"TONALA",60,0
7097,"TONALA",54,0
7096,"TILA",35,0
7118,"SAN ANDRES DURAZNAL",2,0
7122,"EL PARRAL",1,0
7038,"HUIXTAN",14,0
7001,"ACACOYAGUA",13,0
7036,"LA GRANDEZA",3,0
7002,"ACALA",6,0
7003,"ACAPETAHUA",77,0
7011,"BELLA VISTA",11,0
7012,"BERRIOZABAL",7,0
7072,"PUEBLO NUEVO SOLISTAHUACAN",5,0
7037,"HUEHUETAN",43,0
7023,"CHAMULA",32,0
7010,"BEJUCAL DE OCAMPO",3,0
7004,"ALTAMIRANO",10,0
7005,"AMATAN",10,0
7035,"FRONTERA HIDALGO",9,0
7032,"ESCUINTLA",14,0
7013,"BOCHIL",8,0
7014,"EL BOSQUE",6,0
7069,"PIJIJIAPAN",87,0
7094,"TEOPISCA",9,0
7092,"TECPATAN",17,0
7015,"CACAHOATAN",14,0
7016,"CATAZAJA",12,0
7047,"JITOTOL",3,0
7006,"AMATENANGO DE LA FRONTERA",11,0
7078,"SAN CRISTOBAL DE LAS CASAS",44,0
7033,"FRANCISCO LEON",4,0
7117,"MONTECRISTO DE GUERRERO",4,0
7115,"MARAVILLA TENEJAPA",6,0
7071,"VILLA COMALTITLAN",41,0
7066,"PANTELHO",13,0
7113,"ALDAMA",4,0
7113,"ALDAMA",20,0
7113,"ALDAMA",19,0
7098,"TOTOLAPA",3,0
7093,"TENEJAPA",13,0
7064,"OXCHUC",19,0
7059,"OCOSINGO",71,0
7061,"OCOZOCOAUTLA DE ESPINOSA",27,0
7088,"SUNUAPA",3,0
7087,"SUCHIATE",99,0
7085,"SOYALO",5,0
7124,"MEZCALAPA",3,0
7067,"PANTEPEC",4,0
7067,"PANTEPEC",7,0
7125,"HONDURAS DE LA SIERRA",1,0
7055,"METAPA",10,0
7123,"EMILIANO ZAPATA",9,0
7123,"EMILIANO ZAPATA",25,0
7123,"EMILIANO ZAPATA",20,0
7123,"EMILIANO ZAPATA",2,0
7123,"EMILIANO ZAPATA",27,0
7034,"FRONTERA COMALAPA",111,0
8067,"VALLE DE ZARAGOZA",2,0
8043,"MATACHI",15,0
8058,"SAN FRANCISCO DE CONCHOS",11,0
8056,"ROSARIO",17,0
8056,"ROSARIO",51,0
8056,"ROSARIO",4,0
8054,"RIVA PALACIO",5,0
8018,"CUSIHUIRIACHI",4,0
8007,"BALLEZA",13,0
8001,"AHUMADA",24,0
8041,"MAGUARICHI",1,0
8057,"SAN FRANCISCO DE BORJA",8,0
8053,"PRAXEDIS G. GUERRERO",4,0
8051,"OCAMPO",11,0
8051,"OCAMPO",12,0
8051,"OCAMPO",16,0
8051,"OCAMPO",1,0
8051,"OCAMPO",12,0
8051,"OCAMPO",10,0
8050,"NUEVO CASAS GRANDES",25,0
8031,"GUERRERO",70,0
8031,"GUERRERO",2,0
8031,"GUERRERO",14,0
8055,"ROSALES",25,0
8025,"GOMEZ FARIAS",8,0
8025,"GOMEZ FARIAS",4,0
8025,"GOMEZ FARIAS",6,0
8023,"GALEANA",3,0
8023,"GALEANA",19,0
8022,"DR. BELISARIO DOMINGUEZ",20,0
8014,"CORONADO",18,0
8003,"ALLENDE",19,0
8003,"ALLENDE",17,0
8003,"ALLENDE",2,0
8021,"DELICIAS",50,0
8020,"CHINIPAS",8,0
8017,"CUAUHTEMOC",46,0
8017,"CUAUHTEMOC",805,0
8017,"CUAUHTEMOC",17,0
8017,"CUAUHTEMOC",5,0
8016,"LA CRUZ",4,0
8015,"COYAME DEL SOTOL",13,0
8052,"OJINAGA",88,0
8013,"CASAS GRANDES",25,0
8012,"CARICHI",8,0
8011,"CAMARGO",34,0
8011,"CAMARGO",17,0
8010,"BUENAVENTURA",17,0
8009,"BOCOYNA",24,0
8008,"BATOPILAS DE MANUEL GOMEZ MORIN",4,0
8006,"BACHINIVA",7,0
8004,"AQUILES SERDAN",4,0
8005,"ASCENSION",16,0
8032,"HIDALGO DEL PARRAL",53,0
8042,"MANUEL BENAVIDES",2,0
8040,"MADERA",50,0
8039,"LOPEZ",3,0
8038,"JULIMES",21,0
8035,"JANOS",15,0
8034,"IGNACIO ZARAGOZA",29,0
8033,"HUEJOTITAN",7,0
8063,"TEMOSACHIC",22,0
8061,"SATEVO",36,0
8062,"SAUCILLO",51,0
8030,"GUAZAPARES",11,0
8028,"GUADALUPE",14,0
8028,"GUADALUPE",35,0
8028,"GUADALUPE",4,0
8028,"GUADALUPE",49,0
8027,"GUACHOCHI",23,0
8026,"GRAN MORELOS",29,0
8019,"CHIHUAHUA",255,0
8064,"EL TULE",6,0
8024,"SANTA ISABEL",30,0
8037,"JUAREZ",27,0
8037,"JUAREZ",171,0
8037,"JUAREZ",3,0
8037,"JUAREZ",2,0
8037,"JUAREZ",6,0
8059,"SAN FRANCISCO DEL ORO",4,0
8066,"URUACHI",7,0
8065,"URIQUE",17,0
8060,"SANTA BARBARA",2,0
8044,"MATAMOROS",7,0
8044,"MATAMOROS",26,0
8044,"MATAMOROS",146,0
8045,"MEOQUI",43,0
8046,"MORELOS",12,0
8046,"MORELOS",4,0
8046,"MORELOS",13,0
8046,"MORELOS",6,0
8046,"MORELOS",10,0
8047,"MORIS",4,0
8048,"NAMIQUIPA",30,0
8029,"GUADALUPE Y CALVO",23,0
8036,"JIMENEZ",33,0
8036,"JIMENEZ",10,0
8036,"JIMENEZ",23,0
8036,"JIMENEZ",7,0
8049,"NONOAVA",12,0
8002,"ALDAMA",4,0
8002,"ALDAMA",20,0
8002,"ALDAMA",19,0
9012,"TLALPAN",241,0
9009,"MILPA ALTA",56,0
9015,"CUAUHTEMOC",46,0
9015,"CUAUHTEMOC",805,0
9015,"CUAUHTEMOC",17,0
9015,"CUAUHTEMOC",5,0
9007,"IZTAPALAPA",503,0
9008,"LA MAGDALENA CONTRERAS",119,0
9010,"ALVARO OBREGON",295,0
9010,"ALVARO OBREGON",18,0
9003,"COYOACAN",298,0
9016,"MIGUEL HIDALGO",346,0
9004,"CUAJIMALPA DE MORELOS",59,0
9006,"IZTACALCO",138,0
9011,"TLAHUAC",168,0
9013,"XOCHIMILCO",157,0
9005,"GUSTAVO A. MADERO",461,0
9002,"AZCAPOTZALCO",218,0
9017,"VENUSTIANO CARRANZA",70,0
9017,"VENUSTIANO CARRANZA",191,0
9017,"VENUSTIANO CARRANZA",10,0
9017,"VENUSTIANO CARRANZA",12,0
9014,"BENITO JUAREZ",279,0
9014,"BENITO JUAREZ",9,0
9014,"BENITO JUAREZ",160,0
9014,"BENITO JUAREZ",329,0
9014,"BENITO JUAREZ",1,0
9014,"BENITO JUAREZ",29,0
9014,"BENITO JUAREZ",12,0
10006,"GENERAL SIMON BOLIVAR",7,0
10008,"GUADALUPE VICTORIA",15,0
10008,"GUADALUPE VICTORIA",3,0
10009,"GUANACEVI",9,0
10010,"HIDALGO",6,0
10010,"HIDALGO",118,0
10010,"HIDALGO",2,0
10010,"HIDALGO",25,0
10029,"SAN LUIS DEL CORDERO",1,0
10031,"SANTA CLARA",15,0
10011,"INDE",12,0
10038,"VICENTE GUERRERO",16,0
10038,"VICENTE GUERRERO",8,0
10030,"SAN PEDRO DEL GALLO",3,0
10023,"PUEBLO NUEVO",34,0
10023,"PUEBLO NUEVO",6,0
10025,"SAN BERNARDO",2,0
10032,"SANTIAGO PAPASQUIARO",36,0
10027,"SAN JUAN DE GUADALUPE",9,0
10007,"GOMEZ PALACIO",76,0
10015,"NAZAS",8,0
10035,"TEPEHUANES",18,0
10022,"POANAS",58,0
10028,"SAN JUAN DEL RIO",8,0
10028,"SAN JUAN DEL RIO",1,0
10028,"SAN JUAN DEL RIO",71,0
10017,"OCAMPO",11,0
10017,"OCAMPO",12,0
10017,"OCAMPO",16,0
10017,"OCAMPO",1,0
10017,"OCAMPO",12,0
10017,"OCAMPO",10,0
10001,"CANATLAN",32,0
10005,"DURANGO",200,0
10037,"TOPIA",5,0
10033,"SUCHIL",5,0
10036,"TLAHUALILO",17,0
10012,"LERDO",27,0
10014,"MEZQUITAL",22,0
10026,"SAN DIMAS",23,0
10019,"OTAEZ",2,0
10034,"TAMAZULA",9,0
10013,"MAPIMI",22,0
10016,"NOMBRE DE DIOS",14,0
10018,"EL ORO",12,0
10018,"EL ORO",23,0
10020,"PANUCO DE CORONADO",9,0
10002,"CANELAS",3,0
10039,"NUEVO IDEAL",16,0
10021,"PENON BLANCO",5,0
10003,"CONETO DE COMONFORT",3,0
10024,"RODEO",16,0
10004,"CUENCAME",37,0
11019,"JERECUARO",18,0
11020,"LEON",99,0
11021,"MOROLEON",5,0
11023,"PENJAMO",33,0
11038,"TARANDACUAO",11,0
11039,"TARIMORO",8,0
11040,"TIERRA BLANCA",1,0
11040,"TIERRA BLANCA",46,0
11041,"URIANGATO",6,0
11002,"ACAMBARO",56,0
11012,"CUERAMARO",7,0
11013,"DOCTOR MORA",0,1
11014,"DOLORES HIDALGO CUNA DE LA INDEPENDENCIA NACIONAL",43,0
11022,"OCAMPO",11,0
11022,"OCAMPO",12,0
11022,"OCAMPO",16,0
11022,"OCAMPO",1,0
11022,"OCAMPO",12,0
11022,"OCAMPO",10,0
11024,"PUEBLO NUEVO",34,0
11024,"PUEBLO NUEVO",6,0
11030,"SAN FELIPE",1,0
11030,"SAN FELIPE",31,0
11030,"SAN FELIPE",3,0
11036,"SANTIAGO MARAVATIO",0,1
11007,"CELAYA",75,0
11027,"SALAMANCA",92,0
11035,"SANTA CRUZ DE JUVENTINO ROSAS",4,0
11011,"CORTAZAR",15,0
11031,"SAN FRANCISCO DEL RINCON",20,0
11025,"PURISIMA DEL RINCON",11,0
11026,"ROMITA",10,0
11028,"SALVATIERRA",24,0
11029,"SAN DIEGO DE LA UNION",5,0
11032,"SAN JOSE ITURBIDE",9,0
11033,"SAN LUIS DE LA PAZ",20,0
11034,"SANTA CATARINA",12,0
11034,"SANTA CATARINA",5,0
11037,"SILAO DE LA VICTORIA",34,0
11042,"VALLE DE SANTIAGO",11,0
11043,"VICTORIA",13,0
11043,"VICTORIA",98,0
11045,"XICHU",50,0
11044,"VILLAGRAN",11,0
11044,"VILLAGRAN",13,0
11046,"YURIRIA",38,0
11001,"ABASOLO",1,0
11001,"ABASOLO",16,0
11001,"ABASOLO",2,0
11001,"ABASOLO",19,0
11003,"SAN MIGUEL DE ALLENDE",29,0
11004,"APASEO EL ALTO",7,0
11005,"APASEO EL GRANDE",18,0
11006,"ATARJEA",28,0
11008,"MANUEL DOBLADO",12,0
11009,"COMONFORT",16,0
11010,"CORONEO",1,0
11015,"GUANAJUATO",60,0
11016,"HUANIMARO",1,0
11017,"IRAPUATO",111,0
11018,"JARAL DEL PROGRESO",19,0
12033,"HUAMUXTITLAN",16,0
12031,"GENERAL CANUTO A. NERI",5,0
12083,"NUU SAVI",0,1
12082,"LAS VIGAS",0,1
12073,"ZIRANDARO",24,0
12065,"TLALIXTAQUILLA DE MALDONADO",7,0
12047,"PEDRO ASCENCIO ALQUISIRAS",5,0
12054,"SAN MIGUEL TOTOLAPAN",11,0
12053,"SAN MARCOS",52,0
12053,"SAN MARCOS",3,0
12066,"TLAPA DE COMONFORT",30,0
12048,"PETATLAN",18,0
12007,"ARCELIA",31,0
12012,"AYUTLA DE LOS LIBRES",32,0
12006,"APAXTLA",10,0
12010,"ATLIXTAC",16,0
12011,"ATOYAC DE ALVAREZ",37,0
12032,"GENERAL HELIODORO CASTILLO",23,0
12028,"CHILAPA DE ALVAREZ",53,0
12029,"CHILPANCINGO DE LOS BRAVO",100,0
12004,"ALCOZAUCA DE GUERRERO",15,0
12068,"LA UNION DE ISIDORO MONTES DE OCA",21,0
12039,"JUAN R. ESCUDERO",9,0
12038,"ZIHUATANEJO DE AZUETA",96,0
12043,"METLATONOC",12,0
12030,"FLORENCIO VILLARREAL",31,0
12064,"TLALCHAPA",11,0
12067,"TLAPEHUALA",22,0
12001,"ACAPULCO DE JUAREZ",238,0
12019,"COPALILLO",9,0
12045,"OLINALA",17,0
12008,"ATENANGO DEL RIO",9,0
12009,"ATLAMAJALCINGO DEL MONTE",7,0
12046,"OMETEPEC",27,0
12036,"IGUALAPA",9,0
12044,"MOCHITLAN",5,0
12042,"MARTIR DE CUILAPAN",11,0
12040,"LEONARDO BRAVO",9,0
12076,"ACATEPEC",13,0
12075,"EDUARDO NERI",26,0
12074,"ZITLALA",6,0
12072,"ZAPOTITLAN TABLAS",5,0
12071,"XOCHISTLAHUACA",14,0
12070,"XOCHIHUEHUETLAN",3,0
12069,"XALPATLAHUAC",11,0
12052,"SAN LUIS ACATLAN",18,0
12041,"MALINALTEPEC",17,0
12062,"TLACOACHISTLAHUACA",11,0
12023,"CUAJINICUILAPA",67,0
12013,"AZOYU",11,0
12024,"CUALAC",10,0
12027,"CUTZAMALA DE PINZON",47,0
12037,"IXCATEOPAN DE CUAUHTEMOC",5,0
12055,"TAXCO DE ALARCON",53,0
12025,"CUAUTEPEC",13,0
12026,"CUETZALA DEL PROGRESO",7,0
12059,"TEPECOACUILCO DE TRUJANO",25,0
12077,"MARQUELIA",2,0
12078,"COCHOAPA EL GRANDE",2,0
12061,"TIXTLA DE GUERRERO",10,0
12018,"COPALA",6,0
12056,"TECOANAPA",29,0
12003,"AJUCHITLAN DEL PROGRESO",29,0
12002,"AHUACUOTZINGO",17,0
12035,"IGUALA DE LA INDEPENDENCIA",66,0
12016,"COAHUAYUTLA DE JOSE MARIA IZAZAGA",7,0
12017,"COCULA",20,0
12017,"COCULA",33,0
12020,"COPANATOYAC",16,0
12057,"TECPAN DE GALEANA",44,0
12021,"COYUCA DE BENITEZ",35,0
12022,"COYUCA DE CATALAN",25,0
12060,"TETIPAC",6,0
12063,"TLACOAPA",6,0
12058,"TELOLOAPAN",36,0
12051,"QUECHULTENANGO",18,0
12050,"PUNGARABATO",51,0
12081,"ILIATENCO",6,0
12080,"JUCHITAN",2,0
12005,"ALPOYECA",4,0
12014,"BENITO JUAREZ",279,0
12014,"BENITO JUAREZ",9,0
12014,"BENITO JUAREZ",160,0
12014,"BENITO JUAREZ",329,0
12014,"BENITO JUAREZ",1,0
12014,"BENITO JUAREZ",29,0
12014,"BENITO JUAREZ",12,0
12015,"BUENAVISTA DE CUELLAR",12,0
12049,"PILCAYA",6,0
12079,"JOSE JOAQUIN DE HERRERA",6,0
12034,"HUITZUCO DE LOS FIGUEROA",21,0
12085,"SAN NICOLAS",2,0
12085,"SAN NICOLAS",1,0
12084,"SANTA CRUZ DEL RINCON",0,1
13004,"AGUA BLANCA DE ITURBIDE",7,0
13010,"ATITALAQUIA",16,0
13081,"ZACUALTIPAN DE ANGELES",18,0
13034,"LOLOTLA",11,0
13080,"YAHUALICA",11,0
13079,"XOCHICOATLAN",6,0
13041,"MIXQUIAHUALA DE JUAREZ",29,0
13032,"JALTOCAN",4,0
13019,"CHILCUAUTLA",21,0
13082,"ZAPOTLAN DE JUAREZ",5,0
13050,"PROGRESO DE OBREGON",10,0
13083,"ZEMPOALA",21,0
13018,"CHAPULHUACAN",17,0
13035,"METEPEC",12,0
13035,"METEPEC",30,0
13036,"SAN AGUSTIN METZQUITITLAN",7,0
13037,"METZTITLAN",20,0
13020,"ELOXOCHITLAN",5,0
13020,"ELOXOCHITLAN",7,0
13022,"EPAZOYUCAN",7,0
13023,"FRANCISCO I. MADERO",27,0
13023,"FRANCISCO I. MADERO",12,0
13052,"SAN AGUSTIN TLAXIACA",20,0
13024,"HUASCA DE OCAMPO",6,0
13009,"EL ARENAL",8,0
13009,"EL ARENAL",6,0
13038,"MINERAL DEL CHICO",9,0
13071,"TLAHUILTEPA",11,0
13064,"TEPETITLAN",12,0
13053,"SAN BARTOLO TUTOTEPEC",15,0
13008,"APAN",20,0
13007,"ALMOLOYA",5,0
13068,"TIANGUISTENGO",18,0
13069,"TIZAYUCA",18,0
13076,"TULA DE ALLENDE",75,0
13078,"XOCHIATIPAN",6,0
13074,"TLAXCOAPAN",11,0
13051,"MINERAL DE LA REFORMA",21,0
13030,"IXMIQUILPAN",63,0
13031,"JACALA DE LEDEZMA",20,0
13029,"HUICHAPAN",30,0
13070,"TLAHUELILPAN",8,0
13025,"HUAUTLA",15,0
13054,"SAN SALVADOR",20,0
13055,"SANTIAGO DE ANAYA",10,0
13006,"ALFAJAYUCAN",25,0
13048,"PACHUCA DE SOTO",125,0
13026,"HUAZALINGO",6,0
13027,"HUEHUETLA",17,0
13027,"HUEHUETLA",10,0
13028,"HUEJUTLA DE REYES",44,0
13043,"NICOLAS FLORES",9,0
13065,"TETEPANGO",9,0
13063,"TEPEJI DEL RIO DE OCAMPO",42,0
13033,"JUAREZ HIDALGO",4,0
13013,"ATOTONILCO DE TULA",9,0
13014,"CALNALI",10,0
13015,"CARDONAL",21,0
13016,"CUAUTEPEC DE HINOJOSA",28,0
13021,"EMILIANO ZAPATA",9,0
13021,"EMILIANO ZAPATA",25,0
13021,"EMILIANO ZAPATA",20,0
13021,"EMILIANO ZAPATA",2,0
13021,"EMILIANO ZAPATA",27,0
13005,"AJACUBA",8,0
13017,"CHAPANTONGO",13,0
13066,"VILLA DE TEZONTEPEC",7,0
13067,"TEZONTEPEC DE ALDAMA",25,0
13044,"NOPALA DE VILLAGRAN",20,0
13045,"OMITLAN DE JUAREZ",4,0
13046,"SAN FELIPE ORIZATLAN",19,0
13039,"MINERAL DEL MONTE",5,0
13047,"PACULA",5,0
13049,"PISAFLORES",10,0
13077,"TULANCINGO DE BRAVO",44,0
13062,"TEPEHUACAN DE GUERRERO",24,0
13003,"ACTOPAN",22,0
13003,"ACTOPAN",38,0
13002,"ACAXOCHITLAN",30,0
13001,"ACATLAN",12,0
13001,"ACATLAN",19,0
13001,"ACATLAN",1,0
13061,"TEPEAPULCO",26,0
13058,"TASQUILLO",14,0
13073,"TLANCHINOL",23,0
13072,"TLANALAPA",4,0
13059,"TECOZAUTLA",18,0
13060,"TENANGO DE DORIA",16,0
13012,"ATOTONILCO EL GRANDE",18,0
13011,"ATLAPEXCO",14,0
13040,"LA MISION",7,0
13042,"MOLANGO DE ESCAMILLA",23,0
13056,"SANTIAGO TULANTEPEC DE LUGO GUERRERO",13,0
13057,"SINGUILUCAN",13,0
13084,"ZIMAPAN",25,0
13075,"TOLCAYUCA",4,0
14122,"ZAPOTITLAN DE VADILLO",5,0
14019,"BOLANOS",4,0
14065,"PIHUAMO",13,0
14101,"TONALA",60,0
14101,"TONALA",54,0
14076,"SAN MARTIN DE BOLANOS",1,0
14023,"ZAPOTLAN EL GRANDE",30,0
14074,"SAN JULIAN",4,0
14073,"SAN JUAN DE LOS LAGOS",39,0
14062,"MIXTLAN",1,0
14113,"SAN GABRIEL",9,0
14087,"TECALITLAN",7,0
14014,"ATOYAC",1,0
14014,"ATOYAC",24,0
14015,"AUTLAN DE NAVARRO",14,0
14097,"TLAJOMULCO DE ZUNIGA",68,0
14055,"MAGDALENA",18,0
14055,"MAGDALENA",11,0
14055,"MAGDALENA",1,0
14063,"OCOTLAN",50,0
14086,"TAPALPA",9,0
14043,"LA HUERTA",18,0
14116,"VILLA HIDALGO",7,0
14116,"VILLA HIDALGO",1,0
14116,"VILLA HIDALGO",16,0
14116,"VILLA HIDALGO",11,0
14116,"VILLA HIDALGO",6,0
14012,"ATENGUILLO",2,0
14117,"CANADAS DE OBREGON",28,0
14118,"YAHUALICA DE GONZALEZ GALLO",22,0
14017,"AYUTLA",3,0
14119,"ZACOALCO DE TORRES",11,0
14120,"ZAPOPAN",222,0
14121,"ZAPOTILTIC",7,0
14123,"ZAPOTLAN DEL REY",14,0
14069,"QUITUPAN",2,0
14112,"VALLE DE JUAREZ",1,0
14111,"VALLE DE GUADALUPE",4,0
14079,"GOMEZ FARIAS",8,0
14079,"GOMEZ FARIAS",4,0
14079,"GOMEZ FARIAS",6,0
14078,"SAN MIGUEL EL ALTO",11,0
14077,"SAN MARTIN HIDALGO",22,0
14075,"SAN MARCOS",52,0
14075,"SAN MARCOS",3,0
14098,"SAN PEDRO TLAQUEPAQUE",98,0
14105,"TOTOTLAN",13,0
14104,"TOTATICHE",1,0
14103,"TONILA",4,0
14024,"COCULA",20,0
14024,"COCULA",33,0
14102,"TONAYA",9,0
14100,"TOMATLAN",24,0
14100,"TOMATLAN",3,0
14099,"TOLIMAN",4,0
14099,"TOLIMAN",6,0
14093,"TEPATITLAN DE MORELOS",74,0
14124,"ZAPOTLANEJO",48,0
14115,"VILLA GUERRERO",4,0
14115,"VILLA GUERRERO",12,0
14021,"CASIMIRO CASTILLO",7,0
14070,"EL SALTO",32,0
14020,"CABO CORRIENTES",3,0
14018,"LA BARCA",48,0
14051,"JUANACATLAN",10,0
14044,"IXTLAHUACAN DE LOS MEMBRILLOS",14,0
14039,"GUADALAJARA",293,0
14022,"CIHUATLAN",11,0
14016,"AYOTLAN",31,0
14080,"SAN SEBASTIAN DEL OESTE",8,0
14125,"SAN IGNACIO CERRO GORDO",0,1
14072,"SAN DIEGO DE ALEJANDRIA",11,0
14066,"PONCITLAN",36,0
14110,"UNION DE TULA",11,0
14092,"TEOCUITATLAN DE CORONA",4,0
14091,"TEOCALTICHE",9,0
14002,"ACATLAN DE JUAREZ",14,0
14003,"AHUALULCO DE MERCADO",10,0
14005,"AMATITAN",9,0
14109,"UNION DE SAN ANTONIO",25,0
14108,"TUXPAN",14,0
14108,"TUXPAN",18,0
14108,"TUXPAN",18,0
14108,"TUXPAN",126,0
14088,"TECOLOTLAN",5,0
14090,"TENAMAXTLAN",7,0
14071,"SAN CRISTOBAL DE LA BARRANCA",10,0
14068,"VILLA PURIFICACION",1,0
14067,"PUERTO VALLARTA",60,0
14114,"VILLA CORONA",13,0
14107,"TUXCUECA",4,0
14106,"TUXCACUESCO",1,0
14025,"COLOTLAN",5,0
14027,"CUAUTITLAN DE GARCIA BARRAGAN",6,0
14028,"CUAUTLA",43,0
14011,"ATENGO",4,0
14064,"OJUELOS DE JALISCO",19,0
14032,"CHIQUILISTLAN",0,1
14030,"CHAPALA",32,0
14029,"CUQUIO",24,0
14094,"TEQUILA",38,0
14094,"TEQUILA",7,0
14095,"TEUCHITLAN",7,0
14096,"TIZAPAN EL ALTO",10,0
14061,"MEZQUITIC",9,0
14060,"MEXTICACAN",18,0
14059,"MAZAMITLA",5,0
14058,"MASCOTA",12,0
14057,"LA MANZANILLA DE LA PAZ",1,0
14056,"SANTA MARIA DEL ORO",27,0
14054,"EL LIMON",7,0
14085,"TAMAZULA DE GORDIANO",12,0
14084,"TALPA DE ALLENDE",9,0
14053,"LAGOS DE MORENO",62,0
14052,"JUCHITLAN",0,1
14050,"JOCOTEPEC",17,0
14031,"CHIMALTITAN",3,0
14049,"JILOTLAN DE LOS DOLORES",8,0
14048,"JESUS MARIA",9,0
14048,"JESUS MARIA",8,0
14047,"JAMAY",16,0
14046,"JALOSTOTITLAN",7,0
14045,"IXTLAHUACAN DEL RIO",27,0
14042,"HUEJUQUILLA EL ALTO",6,0
14041,"HUEJUCAR",8,0
14040,"HOSTOTIPAQUILLO",21,0
14038,"GUACHINANGO",7,0
14037,"EL GRULLO",18,0
14036,"ETZATLAN",12,0
14035,"ENCARNACION DE DIAZ",21,0
14034,"EJUTLA",2,0
14033,"DEGOLLADO",8,0
14010,"ATEMAJAC DE BRIZUELA",1,0
14013,"ATOTONILCO EL ALTO",39,0
14089,"TECHALUTA DE MONTENEGRO",4,0
14026,"CONCEPCION DE BUENOS AIRES",1,0
14083,"TALA",25,0
14082,"SAYULA",8,0
14081,"SANTA MARIA DE LOS ANGELES",1,0
14009,"EL ARENAL",8,0
14009,"EL ARENAL",6,0
14008,"ARANDAS",34,0
14007,"SAN JUANITO DE ESCOBEDO",8,0
14006,"AMECA",43,0
14004,"AMACUECA",3,0
14001,"ACATIC",14,0
15021,"COATEPEC HARINAS",11,0
15011,"ATENCO",812,0
15004,"ALMOLOYA DE ALQUISIRAS",7,0
15002,"ACOLMAN",37,0
15034,"ECATZINGO",4,0
15030,"CHICONCUAC",4,0
15068,"OZUMBA",9,0
15082,"TEJUPILCO",32,0
15028,"CHIAUTLA",15,0
15028,"CHIAUTLA",7,0
15019,"CAPULHUAC",5,0
15118,"ZINACANTEPEC",22,0
15094,"TEPETLIXPA",8,0
15074,"SAN FELIPE DEL PROGRESO",54,0
15036,"HUEYPOXTLA",7,0
15041,"IXTAPAN DEL ORO",4,0
15085,"TEMASCALCINGO",26,0
15096,"TEQUIXQUIAC",8,0
15104,"TLALNEPANTLA DE BAZ",114,0
15076,"SAN MATEO ATENCO",8,0
15010,"APAXCO",10,0
15023,"COYOTEPEC",2,0
15023,"COYOTEPEC",1,0
15025,"CHALCO",38,0
15103,"TLALMANALCO",9,0
15100,"TEZOYUCA",6,0
15040,"IXTAPAN DE LA SAL",11,0
15107,"TONATICO",2,0
15052,"MALINALCO",11,0
15109,"TULTITLAN",60,0
15012,"ATIZAPAN",2,0
15014,"ATLACOMULCO",37,0
15003,"ACULCO",25,0
15015,"ATLAUTLA",8,0
15016,"AXAPUSCO",12,0
15005,"ALMOLOYA DE JUAREZ",31,0
15024,"CUAUTITLAN",26,0
15008,"AMATEPEC",16,0
15007,"AMANALCO",7,0
15120,"ZUMPANGO",32,0
15042,"IXTLAHUACA",51,0
15084,"TEMASCALAPA",10,0
15047,"JIQUIPILCO",21,0
15022,"COCOTITLAN",3,0
15020,"COACALCO DE BERRIOZABAL",17,0
15062,"OCOYOACAC",17,0
15050,"JUCHITEPEC",4,0
15061,"NOPALTEPEC",5,0
15101,"TIANGUISTENCO",18,0
15057,"NAUCALPAN DE JUAREZ",106,0
15105,"TLATLAYA",17,0
15106,"TOLUCA",124,0
15116,"ZACAZONAPAN",2,0
15097,"TEXCALTITLAN",7,0
15079,"SOYANIQUILPAN DE JUAREZ",5,0
15119,"ZUMPAHUACAN",8,0
15081,"TECAMAC",38,0
15035,"HUEHUETOCA",18,0
15064,"EL ORO",12,0
15064,"EL ORO",23,0
15083,"TEMAMATLA",1,0
15102,"TIMILPAN",8,0
15087,"TEMOAYA",26,0
15066,"OTZOLOAPAN",2,0
15108,"TULTEPEC",10,0
15089,"TENANGO DEL AIRE",3,0
15051,"LERMA",45,0
15046,"JILOTZINGO",5,0
15037,"HUIXQUILUCAN",28,0
15038,"ISIDRO FABELA",2,0
15039,"IXTAPALUCA",43,0
15017,"AYAPANGO",5,0
15069,"PAPALOTLA",1,0
15065,"OTUMBA",14,0
15048,"JOCOTITLAN",17,0
15121,"CUAUTITLAN IZCALLI",47,0
15080,"SULTEPEC",14,0
15071,"POLOTITLAN",11,0
15075,"SAN MARTIN DE LAS PIRAMIDES",4,0
15072,"RAYON",2,0
15072,"RAYON",3,0
15072,"RAYON",15,0
15072,"RAYON",2,0
15056,"MORELOS",12,0
15056,"MORELOS",4,0
15056,"MORELOS",13,0
15056,"MORELOS",6,0
15056,"MORELOS",10,0
15067,"OTZOLOTEPEC",16,0
15088,"TENANCINGO",19,0
15088,"TENANCINGO",3,0
15070,"LA PAZ",189,0
15070,"LA PAZ",28,0
15078,"SANTO TOMAS",3,0
15111,"VILLA DE ALLENDE",13,0
15112,"VILLA DEL CARBON",8,0
15091,"TEOLOYUCAN",12,0
15113,"VILLA GUERRERO",4,0
15113,"VILLA GUERRERO",12,0
15006,"ALMOLOYA DEL RIO",1,0
15123,"LUVIANOS",19,0
15099,"TEXCOCO",88,0
15060,"NICOLAS ROMERO",33,0
15122,"VALLE DE CHALCO SOLIDARIDAD",21,0
15044,"JALTENCO",3,0
15110,"VALLE DE BRAVO",21,0
15045,"JILOTEPEC",34,0
15045,"JILOTEPEC",4,0
15098,"TEXCALYACAC",1,0
15115,"XONACATLAN",5,0
15117,"ZACUALPAN",7,0
15117,"ZACUALPAN",9,0
15124,"SAN JOSE DEL RINCON",35,0
15029,"CHICOLOAPAN",14,0
15058,"NEZAHUALCOYOTL",86,0
15092,"TEOTIHUACAN",19,0
15077,"SAN SIMON DE GUERRERO",6,0
15055,"MEXICALTZINGO",3,0
15054,"METEPEC",12,0
15054,"METEPEC",30,0
15049,"JOQUICINGO",5,0
15026,"CHAPA DE MOTA",16,0
15001,"ACAMBAY DE RUIZ CASTANEDA",28,0
15059,"NEXTLALPAN",4,0
15086,"TEMASCALTEPEC",22,0
15053,"MELCHOR OCAMPO",4,0
15053,"MELCHOR OCAMPO",1,0
15053,"MELCHOR OCAMPO",3,0
15090,"TENANGO DEL VALLE",18,0
15032,"DONATO GUERRA",12,0
15125,"TONANITLA",1,0
15114,"VILLA VICTORIA",27,0
15093,"TEPETLAOXTOC",6,0
15063,"OCUILAN",9,0
15073,"SAN ANTONIO LA ISLA",3,0
15033,"ECATEPEC DE MORELOS",114,0
15013,"ATIZAPAN DE ZARAGOZA",81,0
15027,"CHAPULTEPEC",1,0
15018,"CALIMAYA",8,0
15009,"AMECAMECA",22,0
15031,"CHIMALHUACAN",37,0
15043,"XALATLACO",9,0
15095,"TEPOTZOTLAN",15,0
16074,"COJUMATLAN DE REGULES",2,0
16090,"TINGAMBATO",8,0
16002,"AGUILILLA",12,0
16003,"ALVARO OBREGON",295,0
16003,"ALVARO OBREGON",18,0
16004,"ANGAMACUTIRO",21,0
16005,"ANGANGUEO",17,0
16006,"APATZINGAN",27,0
16007,"APORO",4,0
16008,"AQUILA",35,0
16008,"AQUILA",2,0
16009,"ARIO",19,0
16096,"TUMBISCATIO",7,0
16097,"TURICATO",13,0
16106,"YURECUARO",20,0
16107,"ZACAPU",34,0
16108,"ZAMORA",41,0
16109,"ZINAPARO",2,0
16110,"ZINAPECUARO",35,0
16010,"ARTEAGA",9,0
16010,"ARTEAGA",81,0
16011,"BRISENAS",8,0
16098,"TUXPAN",14,0
16098,"TUXPAN",18,0
16098,"TUXPAN",18,0
16098,"TUXPAN",126,0
16031,"EPITACIO HUERTA",6,0
16032,"ERONGARICUARO",9,0
16077,"SAN LUCAS",2,0
16077,"SAN LUCAS",18,0
16099,"TUZANTLA",14,0
16001,"ACUITZIO",5,0
16043,"JACONA",6,0
16044,"JIMENEZ",33,0
16044,"JIMENEZ",10,0
16044,"JIMENEZ",23,0
16044,"JIMENEZ",7,0
16045,"JIQUILPAN",25,0
16012,"BUENAVISTA",13,0
16013,"CARACUARO",9,0
16021,"CHARAPAN",4,0
16020,"CUITZEO",9,0
16019,"COTIJA",12,0
16018,"COPANDARO",3,0
16087,"TARETAN",17,0
16086,"TANHUATO",10,0
16072,"QUERENDARO",7,0
16067,"PENJAMILLO",12,0
16022,"CHARO",10,0
16079,"SALVADOR ESCALANTE",21,0
16078,"SANTA ANA MAYA",6,0
16075,"LOS REYES",20,0
16075,"LOS REYES",3,0
16076,"SAHUAYO",23,0
16033,"GABRIEL ZAMORA",13,0
16035,"LA HUACANA",25,0
16036,"HUANDACAREO",7,0
16037,"HUANIQUEO",14,0
16038,"HUETAMO",39,0
16039,"HUIRAMBA",6,0
16040,"INDAPARAPEO",9,0
16041,"IRIMBO",16,0
16042,"IXTLAN",5,0
16049,"MADERO",9,0
16050,"MARAVATIO",35,0
16051,"MARCOS CASTELLANOS",4,0
16052,"LAZARO CARDENAS",487,0
16052,"LAZARO CARDENAS",54,0
16052,"LAZARO CARDENAS",2,0
16053,"MORELIA",182,0
16014,"COAHUAYANA",17,0
16015,"COALCOMAN DE VAZQUEZ PALLARES",11,0
16016,"COENEO",41,0
16017,"CONTEPEC",17,0
16083,"TANCITARO",9,0
16082,"TACAMBARO",20,0
16081,"SUSUPUATO",6,0
16056,"NAHUATZEN",9,0
16080,"SENGUIO",13,0
16057,"NOCUPETARO",4,0
16034,"HIDALGO",6,0
16034,"HIDALGO",118,0
16034,"HIDALGO",2,0
16034,"HIDALGO",25,0
16058,"NUEVO PARANGARICUTIRO",6,0
16059,"NUEVO URECHO",12,0
16060,"NUMARAN",6,0
16062,"PAJACUARAN",7,0
16063,"PANINDICUARO",13,0
16064,"PARACUARO",13,0
16105,"VISTA HERMOSA",11,0
16065,"PARACHO",13,0
16089,"TEPALCATEPEC",18,0
16061,"OCAMPO",11,0
16061,"OCAMPO",12,0
16061,"OCAMPO",16,0
16061,"OCAMPO",1,0
16061,"OCAMPO",12,0
16061,"OCAMPO",10,0
16055,"MUGICA",31,0
16054,"MORELOS",12,0
16054,"MORELOS",4,0
16054,"MORELOS",13,0
16054,"MORELOS",6,0
16054,"MORELOS",10,0
16030,"ECUANDUREO",8,0
16029,"CHURUMUCO",6,0
16028,"CHURINTZIO",5,0
16027,"CHUCANDIRO",4,0
16026,"CHINICUILA",8,0
16025,"CHILCHOTA",12,0
16024,"CHERAN",5,0
16023,"CHAVINDA",6,0
16066,"PATZCUARO",48,0
16068,"PERIBAN",4,0
16069,"LA PIEDAD",20,0
16070,"PUREPERO",5,0
16071,"PURUANDIRO",30,0
16073,"QUIROGA",9,0
16091,"TINGUINDIN",12,0
16113,"JOSE SIXTO VERDUZCO",9,0
16112,"ZITACUARO",86,0
16085,"TANGANCICUARO",11,0
16088,"TARIMBARO",16,0
16092,"TIQUICHEO DE NICOLAS ROMERO",31,0
16093,"TLALPUJAHUA",10,0
16111,"ZIRACUARETIRO",9,0
16101,"TZITZIO",6,0
16100,"TZINTZUNTZAN",12,0
16095,"TOCUMBO",6,0
16084,"TANGAMANDAPIO",7,0
16102,"URUAPAN",63,0
16103,"VENUSTIANO CARRANZA",70,0
16103,"VENUSTIANO CARRANZA",191,0
16103,"VENUSTIANO CARRANZA",10,0
16103,"VENUSTIANO CARRANZA",12,0
16104,"VILLAMAR",17,0
16094,"TLAZAZALCA",4,0
16047,"JUNGAPEO",8,0
16046,"JUAREZ",27,0
16046,"JUAREZ",171,0
16046,"JUAREZ",3,0
16046,"JUAREZ",2,0
16046,"JUAREZ",6,0
16048,"LAGUNILLAS",3,0
16048,"LAGUNILLAS",6,0
17002,"ATLATLAHUCAN",10,0
17006,"CUAUTLA",43,0
17028,"XOCHITEPEC",25,0
17022,"TETELA DEL VOLCAN",4,0
17009,"HUITZILAC",17,0
17016,"OCUITUCO",6,0
17008,"EMILIANO ZAPATA",9,0
17008,"EMILIANO ZAPATA",25,0
17008,"EMILIANO ZAPATA",20,0
17008,"EMILIANO ZAPATA",2,0
17008,"EMILIANO ZAPATA",27,0
17003,"AXOCHIAPAN",23,0
17036,"HUEYAPAN",1,0
17036,"HUEYAPAN",5,0
17035,"XOXOCOTLA",4,0
17035,"XOXOCOTLA",3,0
17025,"TLAQUILTENANGO",21,0
17001,"AMACUZAC",18,0
17020,"TEPOZTLAN",12,0
17034,"COATETELCO",1,0
17027,"TOTOLAPAN",5,0
17030,"YECAPIXTLA",16,0
17026,"TLAYACAPAN",11,0
17031,"ZACATEPEC",33,0
17021,"TETECALA",9,0
17019,"TEPALCINGO",17,0
17023,"TLALNEPANTLA",3,0
17017,"PUENTE DE IXTLA",19,0
17015,"MIACATLAN",12,0
17013,"JONACATEPEC DE LEANDRO VALLE",10,0
17011,"JIUTEPEC",37,0
17010,"JANTETELCO",5,0
17018,"TEMIXCO",34,0
17029,"YAUTEPEC",42,0
17012,"JOJUTLA",34,0
17024,"TLALTIZAPAN DE ZAPATA",31,0
17007,"CUERNAVACA",146,0
17005,"COATLAN DEL RIO",9,0
17004,"AYALA",24,0
17014,"MAZATEPEC",8,0
17032,"ZACUALPAN DE AMILPAS",2,0
17033,"TEMOAC",5,0
18001,"ACAPONETA",33,0
18009,"DEL NAYAR",38,0
18010,"ROSAMORADA",41,0
18011,"RUIZ",19,0
18017,"TEPIC",138,0
18018,"TUXPAN",14,0
18018,"TUXPAN",18,0
18018,"TUXPAN",18,0
18018,"TUXPAN",126,0
18019,"LA YESCA",35,0
18004,"COMPOSTELA",59,0
18013,"SAN PEDRO LAGUNILLAS",10,0
18008,"XALISCO",19,0
18005,"HUAJICORI",8,0
18006,"IXTLAN DEL RIO",16,0
18007,"JALA",10,0
18014,"SANTA MARIA DEL ORO",27,0
18015,"SANTIAGO IXCUINTLA",69,0
18016,"TECUALA",26,0
18003,"AMATLAN DE CANAS",19,0
18012,"SAN BLAS",50,0
18020,"BAHIA DE BANDERAS",52,0
18002,"AHUACATLAN",23,0
18002,"AHUACATLAN",8,0
19029,"HUALAHUISES",3,0
19048,"SANTA CATARINA",12,0
19048,"SANTA CATARINA",5,0
19044,"SABINAS HIDALGO",7,0
19042,"LOS RAMONES",7,0
19023,"GENERAL TREVINO",0,1
19022,"GENERAL TERAN",8,0
19047,"HIDALGO",6,0
19047,"HIDALGO",118,0
19047,"HIDALGO",2,0
19047,"HIDALGO",25,0
19049,"SANTIAGO",10,0
19009,"CADEREYTA JIMENEZ",26,0
19032,"LAMPAZOS DE NARANJO",8,0
19031,"JUAREZ",27,0
19031,"JUAREZ",171,0
19031,"JUAREZ",3,0
19031,"JUAREZ",2,0
19031,"JUAREZ",6,0
19027,"LOS HERRERAS",7,0
19020,"GENERAL BRAVO",3,0
19041,"PESQUERIA",3,0
19040,"PARAS",0,1
19039,"MONTERREY",120,0
19046,"SAN NICOLAS DE LOS GARZA",19,0
19019,"SAN PEDRO GARZA GARCIA",5,0
19037,"MINA",11,0
19010,"EL CARMEN",4,0
19021,"GENERAL ESCOBEDO",16,0
19012,"CIENEGA DE FLORES",2,0
19002,"AGUALEGUAS",1,0
19005,"ANAHUAC",22,0
19024,"GENERAL ZARAGOZA",0,1
19026,"GUADALUPE",14,0
19026,"GUADALUPE",35,0
19026,"GUADALUPE",4,0
19026,"GUADALUPE",49,0
19003,"LOS ALDAMAS",3,0
19004,"ALLENDE",19,0
19004,"ALLENDE",17,0
19004,"ALLENDE",2,0
19025,"GENERAL ZUAZUA",1,0
19015,"DOCTOR COSS",2,0
19007,"ARAMBERRI",17,0
19018,"GARCIA",20,0
19051,"VILLALDAMA",3,0
19006,"APODACA",25,0
19011,"CERRALVO",5,0
19001,"ABASOLO",1,0
19001,"ABASOLO",16,0
19001,"ABASOLO",2,0
19001,"ABASOLO",19,0
19017,"GALEANA",3,0
19017,"GALEANA",19,0
19016,"DOCTOR GONZALEZ",0,1
19050,"VALLECILLO",0,1
19034,"MARIN",3,0
19035,"MELCHOR OCAMPO",4,0
19035,"MELCHOR OCAMPO",1,0
19035,"MELCHOR OCAMPO",3,0
19028,"HIGUERAS",3,0
19033,"LINARES",17,0
19036,"MIER Y NORIEGA",0,1
19043,"RAYONES",0,1
19014,"DOCTOR ARROYO",17,0
19038,"MONTEMORELOS",20,0
19008,"BUSTAMANTE",1,0
19008,"BUSTAMANTE",8,0
19013,"CHINA",8,0
19045,"SALINAS VICTORIA",7,0
19030,"ITURBIDE",2,0
20125,"SAN CARLOS YAUTEPEC",4,0
20481,"SANTIAGO NUYOO",2,0
20517,"SANTO DOMINGO TEPUXTEPEC",1,0
20524,"SANTO DOMINGO YODOHINO",1,0
20378,"SANTA CRUZ MIXTEPEC",3,0
20054,"MAGDALENA ZAHUATLAN",1,0
20542,"TANICHE",1,0
20237,"SAN MARCOS ARTEAGA",2,0
20489,"SANTIAGO TETEPEC",3,0
20544,"TEOCOCUILCO DE MARCOS PEREZ",1,0
20490,"SANTIAGO TEXCALCINGO",1,0
20333,"SAN PEDRO TOTOLAPAM",1,0
20334,"VILLA DE TUTUTEPEC",23,0
20562,"MAGDALENA YODOCONO DE PORFIRIO DIAZ",1,0
20133,"SAN ESTEBAN ATATLAHUCA",3,0
20134,"SAN FELIPE JALAPA DE DIAZ",8,0
20138,"SAN FRANCISCO CAJONOS",1,0
20149,"SAN FRANCISCO SOLA",1,0
20161,"SAN JERONIMO SOSOLA",5,0
20159,"SAN JERONIMO COATLAN",4,0
20437,"SANTA MARIA TLAHUITOLTEPEC",4,0
20441,"SANTA MARIA XADANI",2,0
20446,"SANTA MARIA YUCUHITI",4,0
20447,"SANTA MARIA ZACATEPEC",10,0
20469,"SANTIAGO JUXTLAHUACA",15,0
20511,"SANTO DOMINGO NUXAA",10,0
20513,"SANTO DOMINGO PETAPA",7,0
20278,"SAN MIGUEL SOYALTEPEC",22,0
20457,"SANTIAGO CAMOTLAN",3,0
20163,"SAN JERONIMO TECOATL",1,0
20166,"SAN JOSE CHILTEPEC",4,0
20506,"SANTO DOMINGO ALBARRADAS",2,0
20482,"SANTIAGO PINOTEPA NACIONAL",27,0
20508,"SANTO DOMINGO CHIHUITAN",1,0
20205,"SAN JUAN LALANA",8,0
20271,"SAN MIGUEL MIXTEPEC",1,0
20329,"SAN PEDRO TEOZACOALCO",1,0
20330,"SAN PEDRO TEUTILA",3,0
20246,"SAN MATEO CAJONOS",0,1
20277,"VILLA SOLA DE VEGA",11,0
20545,"TEOTITLAN DE FLORES MAGON",13,0
20546,"TEOTITLAN DEL VALLE",1,0
20547,"TEOTONGO",1,0
20170,"SAN JOSE LACHIGUIRI",4,0
20230,"SAN LORENZO VICTORIA",1,0
20168,"SAN JOSE ESTANCIA GRANDE",2,0
20184,"SAN JUAN BAUTISTA TUXTEPEC",55,0
20185,"SAN JUAN CACAHUATEPEC",6,0
20404,"SANTA MARIA CHACHOAPAM",1,0
20407,"SANTA MARIA CHIMALAPA",9,0
20186,"SAN JUAN CIENEGUILLA",1,0
20214,"SAN JUAN QUIOTEPEC",1,0
20220,"SAN JUAN TEPEUXILA",2,0
20227,"SAN LORENZO CACAOTEPEC",8,0
20261,"SAN MIGUEL AMATITLAN",3,0
20552,"TLACOTEPEC PLUMAS",1,0
20262,"SAN MIGUEL AMATLAN",3,0
20266,"SAN MIGUEL DEL PUERTO",5,0
20550,"SAN JERONIMO TLACOCHAHUAYA",3,0
20253,"SAN MATEO PINAS",3,0
20254,"SAN MATEO RIO HONDO",3,0
20272,"SAN MIGUEL PANIXTLAHUACA",1,0
20273,"SAN MIGUEL PERAS",2,0
20275,"SAN MIGUEL QUETZALTEPEC",4,0
20551,"TLACOLULA DE MATAMOROS",10,0
20357,"SANTA ANA TAVELA",1,0
20502,"SANTIAGO ZACATEPEC",6,0
20553,"TLALIXTAC DE CABRERA",1,0
20265,"SAN MIGUEL CHIMALAPA",3,0
20493,"SANTIAGO TILLO",1,0
20318,"SAN PEDRO MIXTEPEC",0,1
20327,"SAN PEDRO TAPANATEPEC",10,0
20554,"TOTONTEPEC VILLA DE MORELOS",2,0
20555,"TRINIDAD ZAACHILA",4,0
20556,"LA TRINIDAD VISTA HERMOSA",0,1
20018,"CONCEPCION BUENAVISTA",0,1
20036,"GUEVEA DE HUMBOLDT",5,0
20338,"VILLA DE ETLA",4,0
20344,"SAN SEBASTIAN COATLAN",4,0
20366,"SANTA CATARINA LOXICHA",1,0
20377,"SANTA CRUZ ITUNDUJIA",9,0
20451,"SANTIAGO APOALA",2,0
20005,"ASUNCION IXTALTEPEC",14,0
20558,"VALERIO TRUJANO",1,0
20561,"YAXE",0,1
20056,"MARTIRES DE TACUBAYA",1,0
20563,"YOGANA",1,0
20497,"SANTIAGO YAITEPEC",1,0
20549,"HEROICA VILLA TEZOATLAN DE SEGURA Y LUNA, CUNA DE LA INDEPENDENCIA DE OAXACA",0,1
20564,"YUTANDUCHI DE GUERRERO",1,0
20565,"VILLA DE ZAACHILA",7,0
20099,"SAN ANDRES TEPETLAPA",1,0
20491,"SANTIAGO TEXTITLAN",2,0
20031,"TAMAZULAPAM DEL ESPIRITU SANTO",1,0
20279,"SAN MIGUEL SUCHIXTEPEC",1,0
20401,"SANTA MARIA COLOTEPEC",9,0
20367,"SANTA CATARINA MECHOACAN",1,0
20500,"SANTIAGO YOSONDUA",5,0
20503,"SANTIAGO ZOOCHILA",2,0
20379,"SANTA CRUZ NUNDACO",2,0
20494,"SANTIAGO TLAZOYALTEPEC",6,0
20499,"SANTIAGO YOLOMECATL",1,0
20058,"MAZATLAN VILLA DE FLORES",8,0
20059,"MIAHUATLAN DE PORFIRIO DIAZ",17,0
20177,"SAN JUAN BAUTISTA CUICATLAN",19,0
20359,"SANTA ANA YARENI",1,0
20364,"SANTA CATARINA JUQUILA",6,0
20569,"SANTA INES DE ZARAGOZA",2,0
20570,"ZIMATLAN DE ALVAREZ",16,0
20567,"ZAPOTITLAN LAGUNAS",2,0
20057,"MATIAS ROMERO AVENDANO",35,0
20423,"SANTA MARIA NDUAYACO",1,0
20112,"SAN BALTAZAR CHICHICAPAM",1,0
20510,"SANTO DOMINGO IXCATLAN",1,0
20371,"SANTA CATARINA TICUA",1,0
20424,"SANTA MARIA OZOLOTEPEC",1,0
20406,"SANTA MARIA CHILCHOTLA",10,0
20410,"SANTA MARIA ECATEPEC",8,0
20435,"SANTA MARIA TEPANTLALI",1,0
20417,"SANTA MARIA JACATEPEC",5,0
20422,"SANTA MARIA NATIVITAS",2,0
20439,"SANTA MARIA TONAMECA",10,0
20450,"SANTIAGO AMOLTEPEC",1,0
20075,"REFORMA DE PINEDA",3,0
20501,"SANTIAGO YUCUYACHI",1,0
20504,"NUEVO ZOQUIAPAM",1,0
20505,"SANTO DOMINGO INGENIO",5,0
20251,"SAN MATEO NEJAPAM",1,0
20459,"VILLA DE SANTIAGO CHAZUMBA",3,0
20477,"SANTIAGO MINAS",2,0
20484,"SANTIAGO TAMAZOLA",2,0
20485,"SANTIAGO TAPEXTLA",3,0
20492,"SANTIAGO TILANTONGO",6,0
20495,"SANTIAGO XANICA",5,0
20534,"SAN VICENTE COATLAN",1,0
20537,"SILACAYOAPAM",9,0
20543,"TATALTEPEC DE VALDES",2,0
20548,"TEPELMEME VILLA DE MORELOS",1,0
20463,"SANTIAGO HUAUCLILLA",2,0
20467,"SANTIAGO JAMILTEPEC",12,0
20559,"SAN JUAN BAUTISTA VALLE NACIONAL",11,0
20169,"SAN JOSE INDEPENDENCIA",1,0
20117,"SAN BARTOLOME LOXICHA",1,0
20512,"SANTO DOMINGO OZOLOTEPEC",0,1
20514,"SANTO DOMINGO ROAYAGA",1,0
20118,"SAN BARTOLOME QUIALANA",1,0
20518,"SANTO DOMINGO TLATAYAPAM",0,1
20440,"SANTA MARIA TOTOLAPILLA",1,0
20568,"ZAPOTITLAN PALMAS",2,0
20521,"SANTO DOMINGO TONALTEPEC",0,1
20001,"ABEJONES",0,1
20256,"SAN MATEO TLAPILTEPEC",1,0
20003,"ASUNCION CACALOTEPEC",1,0
20263,"SAN MIGUEL COATLAN",1,0
20004,"ASUNCION CUYOTEPEJI",1,0
20007,"ASUNCION OCOTLAN",1,0
20267,"SAN MIGUEL DEL RIO",0,1
20011,"CALIHUALA",0,1
20027,"CHIQUIHUITLAN DE BENITO JUAREZ",1,0
20030,"EL ESPINAL",5,0
20519,"SANTO DOMINGO TOMALTEPEC",1,0
20034,"GUADALUPE DE RAMIREZ",1,0
20013,"CIENEGA DE ZIMATLAN",2,0
20460,"SANTIAGO CHOAPAM",2,0
20044,"LOMA BONITA",15,0
20017,"LA COMPANIA",4,0
20507,"SANTO DOMINGO ARMENTA",1,0
20049,"MAGDALENA OCOTLAN",2,0
20520,"SANTO DOMINGO TONALA",10,0
20019,"CONCEPCION PAPALO",4,0
20022,"COSOLTEPEC",1,0
20024,"CUYAMECALCO VILLA DE ZARAGOZA",2,0
20025,"CHAHUITES",4,0
20026,"CHALCATONGO DE HIDALGO",5,0
20029,"ELOXOCHITLAN DE FLORES MAGON",2,0
20032,"FRESNILLO DE TRUJANO",1,0
20515,"SANTO DOMINGO TEHUANTEPEC",35,0
20516,"SANTO DOMINGO TEOJOMULCO",3,0
20033,"GUADALUPE ETLA",3,0
20050,"MAGDALENA PENASCO",2,0
20035,"GUELATAO DE JUAREZ",5,0
20051,"MAGDALENA TEITIPAC",1,0
20536,"SAN VICENTE NUNU",0,1
20047,"SANTA MAGDALENA JICOTLAN",0,1
20037,"MESONES HIDALGO",2,0
20040,"HUAUTEPEC",2,0
20041,"HUAUTLA DE JIMENEZ",13,0
20042,"IXTLAN DE JUAREZ",10,0
20045,"MAGDALENA APASCO",4,0
20053,"MAGDALENA TLACOTEPEC",2,0
20046,"MAGDALENA JALTEPEC",4,0
20523,"SANTO DOMINGO YANHUITLAN",4,0
20048,"MAGDALENA MIXTEPEC",1,0
20522,"SANTO DOMINGO XAGACIA",1,0
20456,"SANTIAGO CACALOXTEPEC",2,0
20060,"MIXISTLAN DE LA REFORMA",2,0
20061,"MONJAS",2,0
20062,"NATIVIDAD",1,0
20063,"NAZARENO ETLA",1,0
20065,"IXPANTEPEC NIEVES",1,0
20069,"LA PE",1,0
20070,"PINOTEPA DE DON LUIS",5,0
20071,"PLUMA HIDALGO",3,0
20096,"SAN ANDRES SINAXTLA",1,0
20072,"SAN JOSE DEL PROGRESO",3,0
20097,"SAN ANDRES SOLAGA",3,0
20098,"SAN ANDRES TEOTILALPAM",4,0
20074,"SANTA CATARINA QUIOQUITANI",1,0
20076,"LA REFORMA",2,0
20190,"SAN JUAN COTZOCON",15,0
20078,"ROJAS DE CUAUHTEMOC",1,0
20077,"REYES ETLA",3,0
20081,"SAN AGUSTIN ATENANGO",2,0
20094,"SAN ANDRES NUXINO",2,0
20080,"SAN AGUSTIN AMATENGO",3,0
20084,"SAN AGUSTIN ETLA",1,0
20082,"SAN AGUSTIN CHAYUCO",1,0
20086,"SAN AGUSTIN TLACOTEPEC",1,0
20083,"SAN AGUSTIN DE LAS JUNTAS",3,0
20092,"SAN ANDRES IXTLAHUACA",1,0
20087,"SAN AGUSTIN YATARENI",3,0
20089,"SAN ANDRES DINICUITI",1,0
20090,"SAN ANDRES HUAXPALTEPEC",4,0
20091,"SAN ANDRES HUAYAPAM",1,0
20095,"SAN ANDRES PAXTLAN",1,0
20100,"SAN ANDRES YAA",1,0
20101,"SAN ANDRES ZABACHE",1,0
20102,"SAN ANDRES ZAUTLA",1,0
20233,"SAN LUCAS QUIAVINI",1,0
20103,"SAN ANTONINO CASTILLO VELASCO",1,0
20104,"SAN ANTONINO EL ALTO",3,0
20105,"SAN ANTONINO MONTE VERDE",6,0
20107,"SAN ANTONIO DE LA CAL",3,0
20108,"SAN ANTONIO HUITEPEC",3,0
20109,"SAN ANTONIO NANAHUATIPAM",2,0
20110,"SAN ANTONIO SINICAHUA",1,0
20111,"SAN ANTONIO TEPETLAPA",2,0
20527,"SANTOS REYES PAPALO",1,0
20116,"SAN BARTOLOME AYAUTLA",1,0
20114,"SAN BALTAZAR YATZACHI EL BAJO",1,0
20172,"SAN JUAN ACHIUTLA",1,0
20115,"SAN BARTOLO COYOTEPEC",8,0
20413,"SANTA MARIA HUATULCO",72,0
20119,"SAN BARTOLOME YUCUANE",1,0
20120,"SAN BARTOLOME ZOOGOCHO",2,0
20121,"SAN BARTOLO SOYALTEPEC",0,1
20014,"CIUDAD IXTEPEC",21,0
20015,"COATECAS ALTAS",3,0
20123,"SAN BERNARDO MIXTEPEC",2,0
20122,"SAN BARTOLO YAUTEPEC",2,0
20528,"SANTOS REYES TEPEJILLO",2,0
20124,"HEROICA VILLA DE SAN BLAS ATEMPA",0,1
20129,"SAN CRISTOBAL SUCHIXTLAHUACA",1,0
20206,"SAN JUAN DE LOS CUES",2,0
20126,"SAN CRISTOBAL AMATLAN",2,0
20020,"CONSTANCIA DEL ROSARIO",5,0
20127,"SAN CRISTOBAL AMOLTEPEC",1,0
20128,"SAN CRISTOBAL LACHIRIOAG",1,0
20529,"SANTOS REYES YUCUNA",0,1
20131,"SAN DIONISIO OCOTEPEC",3,0
20130,"SAN DIONISIO DEL MAR",6,0
20152,"SAN FRANCISCO TLAPANCINGO",1,0
20153,"SAN GABRIEL MIXTEPEC",6,0
20132,"SAN DIONISIO OCOTLAN",1,0
20135,"SAN FELIPE TEJALAPAM",3,0
20136,"SAN FELIPE USILA",4,0
20137,"SAN FRANCISCO CAHUACUA",2,0
20139,"SAN FRANCISCO CHAPULAPA",0,1
20142,"SAN FRANCISCO HUEHUETLAN",1,0
20140,"SAN FRANCISCO CHINDUA",1,0
20141,"SAN FRANCISCO DEL MAR",2,0
20160,"SAN JERONIMO SILACAYOAPILLA",1,0
20143,"SAN FRANCISCO IXHUATAN",7,0
20144,"SAN FRANCISCO JALTEPETONGO",2,0
20145,"SAN FRANCISCO LACHIGOLO",1,0
20531,"SANTO TOMAS MAZALTEPEC",1,0
20146,"SAN FRANCISCO LOGUECHE",1,0
20147,"SAN FRANCISCO NUXANO",0,1
20148,"SAN FRANCISCO OZOLOTEPEC",1,0
20150,"SAN FRANCISCO TELIXTLAHUACA",6,0
20151,"SAN FRANCISCO TEOPAN",1,0
20157,"SAN JACINTO AMILPAS",3,0
20248,"SAN MATEO DEL MAR",5,0
20158,"SAN JACINTO TLACOTEPEC",2,0
20162,"SAN JERONIMO TAVICHE",3,0
20164,"SAN JORGE NUCHITA",3,0
20176,"SAN JUAN BAUTISTA COIXTLAHUACA",5,0
20165,"SAN JOSE AYUQUILA",1,0
20167,"SAN JOSE DEL PENASCO",1,0
20530,"SANTO TOMAS JALIEZA",2,0
20187,"SAN JUAN COATZOSPAM",1,0
20171,"SAN JOSE TENANGO",8,0
20188,"SAN JUAN COLORADO",7,0
20173,"SAN JUAN ATEPEC",0,1
20174,"ANIMAS TRUJANO",2,0
20191,"SAN JUAN CHICOMEZUCHIL",1,0
20196,"SAN JUAN EVANGELISTA ANALCO",1,0
20178,"SAN JUAN BAUTISTA GUELACHE",2,0
20197,"SAN JUAN GUELAVIA",2,0
20180,"SAN JUAN BAUTISTA LO DE SOTO",1,0
20204,"SAN JUAN LAJARCIA",1,0
20181,"SAN JUAN BAUTISTA SUCHITEPEC",1,0
20480,"SANTIAGO NUNDICHE",2,0
20182,"SAN JUAN BAUTISTA TLACOATZINTEPEC",1,0
20183,"SAN JUAN BAUTISTA TLACHICHILCO",1,0
20189,"SAN JUAN COMALTEPEC",2,0
20192,"SAN JUAN CHILATECA",1,0
20193,"SAN JUAN DEL ESTADO",1,0
20464,"SANTIAGO IHUITLAN PLUMAS",1,0
20194,"SAN JUAN DEL RIO",8,0
20194,"SAN JUAN DEL RIO",1,0
20194,"SAN JUAN DEL RIO",71,0
20195,"SAN JUAN DIUXI",1,0
20199,"SAN JUAN IHUALTEPEC",1,0
20200,"SAN JUAN JUQUILA MIXES",2,0
20201,"SAN JUAN JUQUILA VIJANOS",4,0
20202,"SAN JUAN LACHAO",3,0
20203,"SAN JUAN LACHIGALLA",3,0
20210,"SAN JUAN NUMI",9,0
20208,"SAN JUAN MIXTEPEC",0,1
20209,"SAN JUAN MIXTEPEC",0,1
20566,"SAN MATEO YUCUTINDOO",0,1
20215,"SAN JUAN SAYULTEPEC",0,1
20218,"SAN JUAN TEITA",1,0
20284,"SAN MIGUEL TILQUIAPAM",1,0
20216,"SAN JUAN TABAA",2,0
20217,"SAN JUAN TAMAZOLA",4,0
20219,"SAN JUAN TEITIPAC",1,0
20221,"SAN JUAN TEPOSCOLULA",2,0
20222,"SAN JUAN YAEE",1,0
20223,"SAN JUAN YATZONA",1,0
20541,"TANETZE DE ZARAGOZA",7,0
20498,"SANTIAGO YAVEO",2,0
20224,"SAN JUAN YUCUITA",1,0
20225,"SAN LORENZO",4,0
20016,"COICOYAN DE LAS FLORES",3,0
20226,"SAN LORENZO ALBARRADAS",1,0
20228,"SAN LORENZO CUAUNECUILTITLA",1,0
20229,"SAN LORENZO TEXMELUCAN",3,0
20231,"SAN LUCAS CAMOTLAN",1,0
20232,"SAN LUCAS OJITLAN",11,0
20234,"SAN LUCAS ZOQUIAPAM",4,0
20235,"SAN LUIS AMATLAN",2,0
20236,"SAN MARCIAL OZOLOTEPEC",1,0
20239,"SAN MARTIN HUAMELULPAM",1,0
20240,"SAN MARTIN ITUNYOSO",3,0
20241,"SAN MARTIN LACHILA",1,0
20242,"SAN MARTIN PERAS",3,0
20243,"SAN MARTIN TILCAJETE",1,0
20244,"SAN MARTIN TOXPALAN",5,0
20249,"SAN MATEO YOLOXOCHITLAN",0,1
20525,"SANTO DOMINGO ZANATEPEC",10,0
20526,"SANTOS REYES NOPALA",12,0
20245,"SAN MARTIN ZACATEPEC",2,0
20269,"SAN MIGUEL EL GRANDE",7,0
20247,"CAPULALPAM DE MENDEZ",2,0
20250,"SAN MATEO ETLATONGO",1,0
20255,"SAN MATEO SINDIHUI",1,0
20252,"SAN MATEO PENASCO",2,0
20257,"SAN MELCHOR BETAZA",0,1
20258,"SAN MIGUEL ACHIUTLA",3,0
20259,"SAN MIGUEL AHUEHUETITLAN",1,0
20260,"SAN MIGUEL ALOAPAM",1,0
20268,"SAN MIGUEL EJUTLA",1,0
20276,"SAN MIGUEL SANTA FLOR",1,0
20281,"SAN MIGUEL TECOMATLAN",0,1
20274,"SAN MIGUEL PIEDRAS",2,0
20532,"SANTO TOMAS OCOTEPEC",5,0
20280,"VILLA TALEA DE CASTRO",3,0
20533,"SANTO TOMAS TAMAZULAPAN",4,0
20368,"SANTA CATARINA MINAS",1,0
20282,"SAN MIGUEL TENANGO",2,0
20052,"MAGDALENA TEQUISISTLAN",4,0
20283,"SAN MIGUEL TEQUIXTEPEC",1,0
20535,"SAN VICENTE LACHIXIO",3,0
20286,"SAN MIGUEL TLACOTEPEC",4,0
20285,"SAN MIGUEL TLACAMAMA",1,0
20288,"SAN MIGUEL YOTAO",0,1
20289,"SAN NICOLAS",2,0
20289,"SAN NICOLAS",1,0
20290,"SAN NICOLAS HIDALGO",2,0
20292,"SAN PABLO CUATRO VENADOS",1,0
20380,"SANTA CRUZ PAPALUTLA",1,0
20294,"SAN PABLO HUITZO",2,0
20043,"HEROICA CIUDAD DE JUCHITAN DE ZARAGOZA",0,1
20295,"SAN PABLO HUIXTEPEC",5,0
20538,"SITIO DE XITLAPEHUA",1,0
20296,"SAN PABLO MACUILTIANGUIS",0,1
20297,"SAN PABLO TIJALTEPEC",1,0
20304,"SAN PEDRO COXCALTEPEC CANTAROS",0,1
20299,"SAN PABLO YAGANIZA",1,0
20300,"SAN PEDRO AMUZGOS",2,0
20308,"SAN PEDRO HUILOTEPEC",2,0
20301,"SAN PEDRO APOSTOL",2,0
20311,"SAN PEDRO JALTEPETONGO",1,0
20302,"SAN PEDRO ATOYAC",1,0
20303,"SAN PEDRO CAJONOS",1,0
20305,"SAN PEDRO COMITANCILLO",2,0
20321,"SAN PEDRO NOPALA",1,0
20332,"SAN PEDRO TOPILTEPEC",1,0
20307,"SAN PEDRO HUAMELULA",12,0
20312,"SAN PEDRO JICAYAN",6,0
20313,"SAN PEDRO JOCOTIPAC",1,0
20314,"SAN PEDRO JUCHATENGO",2,0
20079,"SALINA CRUZ",79,0
20331,"SAN PEDRO TIDAA",1,0
20315,"SAN PEDRO MARTIR",0,1
20316,"SAN PEDRO MARTIR QUIECHAPA",1,0
20207,"SAN JUAN MAZATLAN",13,0
20317,"SAN PEDRO MARTIR YUCUXACO",2,0
20356,"SANTA ANA DEL VALLE",1,0
20319,"SAN PEDRO MIXTEPEC",0,1
20320,"SAN PEDRO MOLINOS",1,0
20322,"SAN PEDRO OCOPETATILLO",1,0
20323,"SAN PEDRO OCOTEPEC",2,0
20325,"SAN PEDRO QUIATONI",8,0
20326,"SAN PEDRO SOCHIAPAM",1,0
20328,"SAN PEDRO TAVICHE",1,0
20335,"SAN PEDRO YANERI",2,0
20336,"SAN PEDRO YOLOX",2,0
20339,"SAN PEDRO Y SAN PABLO TEPOSCOLULA",2,0
20340,"SAN PEDRO Y SAN PABLO TEQUIXTEPEC",4,0
20341,"SAN PEDRO YUCUNAMA",0,1
20342,"SAN RAYMUNDO JALPAN",2,0
20343,"SAN SEBASTIAN ABASOLO",2,0
20345,"SAN SEBASTIAN IXCAPA",4,0
20346,"SAN SEBASTIAN NICANANDUTA",1,0
20347,"SAN SEBASTIAN RIO HONDO",2,0
20539,"SOLEDAD ETLA",1,0
20211,"SAN JUAN OZOLOTEPEC",3,0
20212,"SAN JUAN PETLAPA",1,0
20213,"SAN JUAN QUIAHIJE",1,0
20348,"SAN SEBASTIAN TECOMAXTLAHUACA",14,0
20349,"SAN SEBASTIAN TEITIPAC",1,0
20540,"VILLA DE TAMAZULAPAM DEL PROGRESO",6,0
20350,"SAN SEBASTIAN TUTLA",4,0
20352,"SAN SIMON ZAHUATLAN",1,0
20353,"SANTA ANA",1,0
20353,"SANTA ANA",11,0
20354,"SANTA ANA ATEIXTLAHUACA",1,0
20355,"SANTA ANA CUAUHTEMOC",1,0
20358,"SANTA ANA TLAPACOYAN",1,0
20360,"SANTA ANA ZEGACHE",1,0
20361,"SANTA CATALINA QUIERI",0,1
20362,"SANTA CATARINA CUIXTLA",1,0
20363,"SANTA CATARINA IXTEPEJI",3,0
20369,"SANTA CATARINA QUIANE",1,0
20370,"SANTA CATARINA TAYATA",1,0
20381,"SANTA CRUZ TACACHE DE MINA",4,0
20372,"SANTA CATARINA YOSONOTU",1,0
20373,"SANTA CATARINA ZAPOQUILA",0,1
20374,"SANTA CRUZ ACATEPEC",0,1
20293,"SAN PABLO ETLA",10,0
20375,"SANTA CRUZ AMILPAS",2,0
20376,"SANTA CRUZ DE BRAVO",1,0
20382,"SANTA CRUZ TACAHUA",1,0
20383,"SANTA CRUZ TAYATA",1,0
20384,"SANTA CRUZ XITLA",1,0
20386,"SANTA CRUZ ZENZONTEPEC",6,0
20387,"SANTA GERTRUDIS",1,0
20179,"SAN JUAN BAUTISTA JAYACATLAN",1,0
20388,"SANTA INES DEL MONTE",1,0
20390,"SANTA LUCIA DEL CAMINO",5,0
20408,"SANTA MARIA DEL ROSARIO",0,1
20391,"SANTA LUCIA MIAHUATLAN",1,0
20418,"SANTA MARIA JALAPA DEL MARQUES",3,0
20392,"SANTA LUCIA MONTEVERDE",7,0
20393,"SANTA LUCIA OCOTLAN",1,0
20394,"SANTA MARIA ALOTEPEC",2,0
20395,"SANTA MARIA APAZCO",1,0
20396,"SANTA MARIA LA ASUNCION",0,1
20397,"HEROICA CIUDAD DE TLAXIACO",19,0
20398,"AYOQUEZCO DE ALDAMA",1,0
20399,"SANTA MARIA ATZOMPA",3,0
20400,"SANTA MARIA CAMOTLAN",1,0
20402,"SANTA MARIA CORTIJO",2,0
20154,"SAN ILDEFONSO AMATLAN",1,0
20155,"SAN ILDEFONSO SOLA",0,1
20156,"SAN ILDEFONSO VILLA ALTA",4,0
20403,"SANTA MARIA COYOTEPEC",1,0
20419,"SANTA MARIA JALTIANGUIS",1,0
20405,"VILLA DE CHILAPA DE DIAZ",1,0
20409,"SANTA MARIA DEL TULE",5,0
20264,"SAN MIGUEL CHICAHUA",3,0
20411,"SANTA MARIA GUELACE",1,0
20106,"SAN ANTONIO ACUTLA",0,1
20198,"SAN JUAN GUICHICOVI",22,0
20365,"SANTA CATARINA LACHATAO",3,0
20002,"ACATLAN DE PEREZ FIGUEROA",26,0
20006,"ASUNCION NOCHIXTLAN",11,0
20008,"ASUNCION TLACOLULITA",1,0
20009,"AYOTZINTEPEC",3,0
20010,"EL BARRIO DE LA SOLEDAD",11,0
20055,"MARISCALA DE JUAREZ",9,0
20412,"SANTA MARIA GUIENAGATI",2,0
20414,"SANTA MARIA HUAZOLOTITLAN",4,0
20415,"SANTA MARIA IPALAPA",4,0
20287,"SAN MIGUEL TULANCINGO",1,0
20291,"SAN PABLO COATLAN",4,0
20298,"SAN PABLO VILLA DE MITLA",2,0
20385,"SANTA CRUZ XOXOCOTLAN",17,0
20416,"SANTA MARIA IXCATLAN",1,0
20420,"SANTA MARIA LACHIXIO",2,0
20023,"CUILAPAM DE GUERRERO",5,0
20306,"SAN PEDRO EL ALTO",2,0
20310,"SAN PEDRO IXTLAHUACA",1,0
20421,"SANTA MARIA MIXTEQUILLA",2,0
20309,"SAN PEDRO IXCATLAN",4,0
20324,"SAN PEDRO POCHUTLA",24,0
20337,"SAN PEDRO Y SAN PABLO AYUTLA",5,0
20351,"SAN SIMON ALMOLONGAS",1,0
20425,"SANTA MARIA PAPALO",1,0
20426,"SANTA MARIA PENOLES",2,0
20427,"SANTA MARIA PETAPA",6,0
20428,"SANTA MARIA QUIEGOLANI",0,1
20432,"SANTA MARIA TEMAXCALAPA",1,0
20429,"SANTA MARIA SOLA",2,0
20430,"SANTA MARIA TATALTEPEC",1,0
20431,"SANTA MARIA TECOMAVACA",6,0
20021,"COSOLAPA",7,0
20175,"SAN JUAN BAUTISTA ATATLAHUCA",1,0
20270,"SAN MIGUEL HUAUTLA",0,1
20433,"SANTA MARIA TEMAXCALTEPEC",0,1
20436,"SANTA MARIA TEXCATITLAN",1,0
20452,"SANTIAGO APOSTOL",1,0
20442,"SANTA MARIA YALINA",1,0
20438,"SANTA MARIA TLALIXTAC",1,0
20434,"SANTA MARIA TEOPOXCO",3,0
20444,"SANTA MARIA YOLOTEPEC",1,0
20443,"SANTA MARIA YAVESIA",0,1
20445,"SANTA MARIA YOSOYUA",1,0
20448,"SANTA MARIA ZANIZA",1,0
20449,"SANTA MARIA ZOQUITLAN",3,0
20462,"SANTIAGO HUAJOLOTITLAN",3,0
20453,"SANTIAGO ASTATA",5,0
20454,"SANTIAGO ATITLAN",2,0
20455,"SANTIAGO AYUQUILILLA",1,0
20458,"SANTIAGO COMALTEPEC",2,0
20461,"SANTIAGO DEL RIO",1,0
20465,"SANTIAGO IXCUINTEPEC",3,0
20466,"SANTIAGO IXTAYUTLA",11,0
20468,"SANTIAGO JOCOTEPEC",7,0
20470,"SANTIAGO LACHIGUIRI",7,0
20471,"SANTIAGO LALOPA",0,1
20472,"SANTIAGO LAOLLAGA",3,0
20473,"SANTIAGO LAXOPA",3,0
20474,"SANTIAGO LLANO GRANDE",3,0
20475,"SANTIAGO MATATLAN",4,0
20476,"SANTIAGO MILTEPEC",1,0
20389,"SANTA INES YATZECHE",2,0
20478,"SANTIAGO NACALTEPEC",2,0
20479,"SANTIAGO NEJAPILLA",1,0
20012,"CANDELARIA LOXICHA",4,0
20028,"HEROICA CIUDAD DE EJUTLA DE CRESPO",6,0
20039,"HEROICA CIUDAD DE HUAJUAPAN DE LEON",24,0
20064,"NEJAPA DE MADERO",5,0
20066,"SANTIAGO NILTEPEC",2,0
20067,"OAXACA DE JUAREZ",80,0
20068,"OCOTLAN DE MORELOS",6,0
20073,"PUTLA VILLA DE GUERRERO",20,0
20085,"SAN AGUSTIN LOXICHA",4,0
20088,"SAN ANDRES CABECERA NUEVA",2,0
20483,"SANTIAGO SUCHILQUITONGO",7,0
20486,"VILLA TEJUPAM DE LA UNION",1,0
20093,"SAN ANDRES LAGUNAS",1,0
20113,"SAN BALTAZAR LOXICHA",1,0
20487,"SANTIAGO TENANGO",1,0
20488,"SANTIAGO TEPETLAPA",0,1
20496,"SANTIAGO XIACUI",2,0
20509,"SANTO DOMINGO DE MORELOS",1,0
20557,"UNION HIDALGO",5,0
20560,"VILLA DIAZ ORDAZ",2,0
20038,"VILLA HIDALGO YALALAG",0,1
20238,"HEROICO SAN MARTIN DE LOS CANSECOS",0,1
21180,"TLAHUAPAN",11,0
21080,"ATLEQUIZAYAN",1,0
21087,"JOLALPAN",4,0
21088,"JONOTLA",3,0
21081,"IXCAMILPA DE GUERRERO",2,0
21083,"IXTACAMAXTITLAN",22,0
21197,"XICOTEPEC",32,0
21193,"TZICATLACOYAN",3,0
21192,"TUZAMAPAN DE GALEANA",2,0
21215,"ZONGOZOTLA",3,0
21191,"TULCINGO",6,0
21216,"ZOQUIAPAN",2,0
21199,"XIUTETELCO",13,0
21198,"XICOTLAN",2,0
21178,"TLACUILOTEPEC",7,0
21105,"OCOTEPEC",5,0
21105,"OCOTEPEC",3,0
21132,"SAN MARTIN TEXMELUCAN",30,0
21143,"SAN SALVADOR EL VERDE",7,0
21176,"TILAPA",1,0
21174,"TEZIUTLAN",23,0
21171,"TEPEYAHUALCO DE CUAUHTEMOC",1,0
21103,"NICOLAS BRAVO",2,0
21102,"NEALTICAN",2,0
21142,"SAN SALVADOR EL SECO",10,0
21101,"NAUZONTLA",2,0
21100,"NAUPAN",8,0
21099,"CANADA MORELOS",15,0
21098,"MOLCAXAC",2,0
21001,"ACAJETE",20,0
21001,"ACAJETE",8,0
21182,"TLANEPANTLA",1,0
21201,"XOCHILTEPEC",1,0
21110,"PALMAR DE BRAVO",10,0
21109,"PAHUATLAN",7,0
21067,"GUADALUPE VICTORIA",15,0
21067,"GUADALUPE VICTORIA",3,0
21147,"SANTA INES AHUATEMPAN",3,0
21204,"YAONAHUAC",4,0
21108,"ORIENTAL",8,0
21066,"GUADALUPE",14,0
21066,"GUADALUPE",35,0
21066,"GUADALUPE",4,0
21066,"GUADALUPE",49,0
21167,"TEPETZINTLA",14,0
21167,"TEPETZINTLA",11,0
21166,"TEPEOJUMA",5,0
21065,"GENERAL FELIPE ANGELES",6,0
21181,"TLALTENANGO",1,0
21064,"FRANCISCO Z. MENA",12,0
21148,"SANTA ISABEL CHOLULA",11,0
21063,"ESPERANZA",9,0
21217,"ZOQUITLAN",5,0
21207,"ZACAPOAXTLA",34,0
21214,"ZINACATEPEC",3,0
21059,"CHINANTLA",1,0
21058,"CHILCHOTLA",6,0
21057,"HONEY",11,0
21056,"CHILA DE LA SAL",2,0
21107,"OLINTLA",4,0
21106,"OCOYUCAN",4,0
21055,"CHILA",2,0
21200,"XOCHIAPULCO",3,0
21051,"CHIETLA",21,0
21050,"CHICHIQUILA",5,0
21096,"MAZAPILTEPEC DE JUAREZ",3,0
21095,"LA MAGDALENA TLATLAUQUITEPEC",2,0
21094,"LIBRES",18,0
21093,"LAFRAGUA",5,0
21092,"JUAN N. MENDEZ",3,0
21091,"JUAN GALINDO",11,0
21208,"ZACATLAN",42,0
21090,"JUAN C. BONILLA",2,0
21037,"COYOTEPEC",2,0
21037,"COYOTEPEC",1,0
21035,"COXCATLAN",15,0
21035,"COXCATLAN",11,0
21034,"CORONANGO",8,0
21033,"COHUECAN",1,0
21032,"COHETZALA",1,0
21031,"COATZINGO",1,0
21030,"COATEPEC",2,0
21030,"COATEPEC",18,0
21029,"CAXHUACAN",1,0
21028,"CAMOCUAUTLA",2,0
21020,"ATOYATEMPAN",1,0
21077,"HUEYTLALPAN",2,0
21074,"HUEJOTZINGO",15,0
21022,"ATZITZIHUACAN",4,0
21025,"AYOTOXCO DE GUERRERO",4,0
21177,"TLACOTEPEC DE BENITO JUAREZ",16,0
21075,"HUEYAPAN",1,0
21075,"HUEYAPAN",5,0
21078,"HUITZILAN DE SERDAN",6,0
21079,"HUITZILTEPEC",1,0
21187,"TLAXCO",4,0
21187,"TLAXCO",23,0
21188,"TOCHIMILCO",4,0
21189,"TOCHTEPEC",4,0
21190,"TOTOLTEPEC DE GUERRERO",1,0
21194,"VENUSTIANO CARRANZA",70,0
21194,"VENUSTIANO CARRANZA",191,0
21194,"VENUSTIANO CARRANZA",10,0
21194,"VENUSTIANO CARRANZA",12,0
21184,"TLAPACOYA",3,0
21185,"TLAPANALA",3,0
21082,"IXCAQUIXTLA",4,0
21085,"IZUCAR DE MATAMOROS",30,0
21104,"NOPALUCAN",10,0
21122,"SAN FELIPE TEOTLALCINGO",1,0
21123,"SAN FELIPE TEPATLAN",3,0
21012,"ALJOJUCA",3,0
21013,"ALTEPEXI",3,0
21007,"AHUATLAN",1,0
21011,"ALBINO ZERTUCHE",1,0
21018,"ATEXCAL",3,0
21054,"CHIGNAUTLA",8,0
21127,"SAN JERONIMO XAYACATLAN",2,0
21129,"SAN JOSE MIAHUATLAN",6,0
21130,"SAN JUAN ATENCO",2,0
21213,"ZIHUATEUTLA",11,0
21124,"SAN GABRIEL CHILAC",5,0
21169,"TEPEXI DE RODRIGUEZ",10,0
21159,"TEOPANTLAN",2,0
21156,"TEHUACAN",37,0
21155,"TECOMATLAN",9,0
21154,"TECAMACHALCO",26,0
21172,"TETELA DE OCAMPO",15,0
21179,"TLACHICHUCA",12,0
21153,"TECALI DE HERRERA",11,0
21151,"SANTO TOMAS HUEYOTLIPAN",2,0
21121,"SAN DIEGO LA MESA TOCHIMILTZINGO",1,0
21202,"XOCHITLAN DE VICENTE SUAREZ",5,0
21203,"XOCHITLAN TODOS SANTOS",1,0
21073,"HUEHUETLAN EL CHICO",5,0
21097,"MIXTLA",1,0
21036,"COYOMEAPAN",4,0
21044,"CUYOACO",14,0
21060,"DOMINGO ARENAS",1,0
21061,"ELOXOCHITLAN",5,0
21061,"ELOXOCHITLAN",7,0
21062,"EPATLAN",3,0
21068,"HERMENEGILDO GALEANA",5,0
21072,"HUEHUETLA",17,0
21072,"HUEHUETLA",10,0
21160,"TEOTLALCO",1,0
21161,"TEPANCO DE LOPEZ",9,0
21024,"AXUTLA",1,0
21186,"TLATLAUQUITEPEC",21,0
21170,"TEPEYAHUALCO",9,0
21196,"XAYACATLAN DE BRAVO",2,0
21117,"RAFAEL LARA GRAJALES",9,0
21017,"ATEMPAN",9,0
21019,"ATLIXCO",31,0
21173,"TETELES DE AVILA CASTILLO",2,0
21175,"TIANGUISMANALCO",3,0
21052,"CHIGMECATITLAN",0,1
21069,"HUAQUECHULA",10,0
21168,"TEPEXCO",3,0
21157,"TEHUITZINGO",3,0
21162,"TEPANGO DE RODRIGUEZ",1,0
21209,"ZAPOTITLAN",5,0
21118,"LOS REYES DE JUAREZ",5,0
21119,"SAN ANDRES CHOLULA",43,0
21120,"SAN ANTONIO CANADA",1,0
21125,"SAN GREGORIO ATZOMPA",4,0
21126,"SAN JERONIMO TECUANIPAN",3,0
21128,"SAN JOSE CHIAPA",9,0
21158,"TENAMPULCO",3,0
21053,"CHIGNAHUAPAN",25,0
21002,"ACATENO",4,0
21003,"ACATLAN",12,0
21003,"ACATLAN",19,0
21003,"ACATLAN",1,0
21004,"ACATZINGO",8,0
21005,"ACTEOPAN",2,0
21006,"AHUACATLAN",23,0
21006,"AHUACATLAN",8,0
21008,"AHUAZOTEPEC",25,0
21133,"SAN MARTIN TOTOLTEPEC",1,0
21134,"SAN MATIAS TLALANCALECA",3,0
21135,"SAN MIGUEL IXITLAN",1,0
21137,"SAN NICOLAS BUENOS AIRES",3,0
21138,"SAN NICOLAS DE LOS RANCHOS",3,0
21139,"SAN PABLO ANICANO",2,0
21140,"SAN PEDRO CHOLULA",20,0
21141,"SAN PEDRO YELOIXTLAHUACA",3,0
21205,"YEHUALTEPEC",4,0
21023,"ATZITZINTLA",3,0
21116,"QUIMIXTLAN",6,0
21115,"QUECHOLAC",13,0
21114,"PUEBLA",213,0
21144,"SAN SALVADOR HUIXCOLOTLA",2,0
21145,"SAN SEBASTIAN TLACOTEPEC",8,0
21146,"SANTA CATARINA TLALTEMPAN",1,0
21149,"SANTIAGO MIAHUATLAN",9,0
21150,"HUEHUETLAN EL GRANDE",2,0
21010,"AJALPAN",17,0
21014,"AMIXTLAN",3,0
21015,"AMOZOC",12,0
21016,"AQUIXTLA",4,0
21021,"ATZALA",1,0
21026,"CALPAN",4,0
21027,"CALTEPEC",3,0
21165,"TEPEMAXALCO",1,0
21152,"SOLTEPEC",5,0
21206,"ZACAPALA",2,0
21211,"ZARAGOZA",15,0
21211,"ZARAGOZA",6,0
21211,"ZARAGOZA",15,0
21211,"ZARAGOZA",3,0
21212,"ZAUTLA",12,0
21163,"TEPATLAXCO DE HIDALGO",3,0
21049,"CHICONCUAUTLA",7,0
21048,"CHIAUTZINGO",6,0
21047,"CHIAUTLA",15,0
21047,"CHIAUTLA",7,0
21195,"VICENTE GUERRERO",16,0
21195,"VICENTE GUERRERO",8,0
21164,"TEPEACA",21,0
21046,"CHAPULCO",2,0
21210,"ZAPOTITLAN DE MENDEZ",2,0
21136,"SAN MIGUEL XOXTLA",3,0
21045,"CHALCHICOMULA DE SESMA",23,0
21043,"CUETZALAN DEL PROGRESO",24,0
21084,"IXTEPEC",3,0
21086,"JALPAN",5,0
21042,"CUAYUCA DE ANDRADE",5,0
21113,"PIAXTLA",4,0
21131,"SAN JUAN ATZOMPA",2,0
21089,"JOPALA",12,0
21041,"CUAUTLANCINGO",10,0
21040,"CUAUTINCHAN",1,0
21039,"CUAUTEMPAN",6,0
21038,"CUAPIAXTLA DE MADERO",4,0
21112,"PETLALCINGO",6,0
21009,"AHUEHUETITLA",1,0
21076,"HUEYTAMALCO",14,0
21183,"TLAOLA",16,0
21071,"HUAUCHINANGO",66,0
21070,"HUATLATLAUCA",4,0
21111,"PANTEPEC",4,0
21111,"PANTEPEC",7,0
22002,"PINAL DE AMOLES",39,0
22010,"LANDA DE MATAMOROS",6,0
22006,"CORREGIDORA",16,0
22003,"ARROYO SECO",14,0
22011,"EL MARQUES",38,0
22012,"PEDRO ESCOBEDO",16,0
22015,"SAN JOAQUIN",2,0
22016,"SAN JUAN DEL RIO",8,0
22016,"SAN JUAN DEL RIO",1,0
22016,"SAN JUAN DEL RIO",71,0
22017,"TEQUISQUIAPAN",14,0
22018,"TOLIMAN",4,0
22018,"TOLIMAN",6,0
22007,"EZEQUIEL MONTES",2,0
22001,"AMEALCO DE BONFIL",60,0
22014,"QUERETARO",121,0
22005,"COLON",11,0
22004,"CADEREYTA DE MONTES",8,0
22013,"PENAMILLER",43,0
22008,"HUIMILPAN",28,0
22009,"JALPAN DE SERRA",44,0
23001,"COZUMEL",42,0
23003,"ISLA MUJERES",28,0
23002,"FELIPE CARRILLO PUERTO",98,0
23005,"BENITO JUAREZ",279,0
23005,"BENITO JUAREZ",9,0
23005,"BENITO JUAREZ",160,0
23005,"BENITO JUAREZ",329,0
23005,"BENITO JUAREZ",1,0
23005,"BENITO JUAREZ",29,0
23005,"BENITO JUAREZ",12,0
23004,"OTHON P. BLANCO",256,0
23011,"PUERTO MORELOS",8,0
23008,"SOLIDARIDAD",35,0
23010,"BACALAR",36,0
23007,"LAZARO CARDENAS",487,0
23007,"LAZARO CARDENAS",54,0
23007,"LAZARO CARDENAS",2,0
23006,"JOSE MARIA MORELOS",77,0
23009,"TULUM",28,0
24050,"VILLA DE REYES",33,0
24052,"VILLA JUAREZ",6,0
24053,"AXTLA DE TERRAZAS",21,0
24054,"XILITLA",38,0
24055,"ZARAGOZA",15,0
24055,"ZARAGOZA",6,0
24055,"ZARAGOZA",15,0
24055,"ZARAGOZA",3,0
24048,"VILLA DE LA PAZ",2,0
24015,"CHARCAS",21,0
24013,"CIUDAD VALLES",53,0
24009,"CERRO DE SAN PEDRO",1,0
24043,"TIERRA NUEVA",7,0
24042,"TANQUIAN DE ESCOBEDO",3,0
24012,"TANCANHUITZ",10,0
24011,"CIUDAD FERNANDEZ",14,0
24010,"CIUDAD DEL MAIZ",15,0
24008,"CERRITOS",13,0
24007,"CEDRAL",13,0
24035,"SOLEDAD DE GRACIANO SANCHEZ",23,0
24041,"TANLAJAS",5,0
24040,"TAMUIN",43,0
24039,"TAMPAMOLON CORONA",7,0
24038,"TAMPACAN",16,0
24037,"TAMAZUNCHALE",40,0
24036,"TAMASOPO",24,0
24006,"CATORCE",14,0
24028,"SAN LUIS POTOSI",152,0
24031,"SANTA CATARINA",12,0
24031,"SANTA CATARINA",5,0
24030,"SAN NICOLAS TOLENTINO",4,0
24029,"SAN MARTIN CHALCHICUAUTLA",12,0
24026,"SAN ANTONIO",4,0
24005,"CARDENAS",21,0
24005,"CARDENAS",218,0
24024,"RIOVERDE",33,0
24023,"RAYON",2,0
24023,"RAYON",3,0
24023,"RAYON",15,0
24023,"RAYON",2,0
24022,"MOCTEZUMA",6,0
24022,"MOCTEZUMA",5,0
24021,"MEXQUITIC DE CARMONA",21,0
24017,"GUADALCAZAR",14,0
24016,"EBANO",29,0
24014,"COXCATLAN",15,0
24014,"COXCATLAN",11,0
24033,"SANTO DOMINGO",10,0
24001,"AHUALULCO DEL SONIDO 13",0,1
24057,"MATLAPA",9,0
24051,"VILLA HIDALGO",7,0
24051,"VILLA HIDALGO",1,0
24051,"VILLA HIDALGO",16,0
24051,"VILLA HIDALGO",11,0
24051,"VILLA HIDALGO",6,0
24058,"EL NARANJO",4,0
24032,"SANTA MARIA DEL RIO",27,0
24027,"SAN CIRO DE ACOSTA",6,0
24025,"SALINAS",21,0
24056,"VILLA DE ARISTA",5,0
24047,"VILLA DE GUADALUPE",10,0
24059,"VILLA DE POZOS",3,0
24034,"SAN VICENTE TANCUAYALAB",4,0
24002,"ALAQUINES",11,0
24003,"AQUISMON",15,0
24004,"ARMADILLO DE LOS INFANTE",5,0
24046,"VILLA DE ARRIAGA",20,0
24018,"HUEHUETLAN",7,0
24019,"LAGUNILLAS",3,0
24019,"LAGUNILLAS",6,0
24020,"MATEHUALA",34,0
24044,"VANEGAS",12,0
24045,"VENADO",8,0
24049,"VILLA DE RAMOS",9,0
25010,"EL FUERTE",108,0
25008,"ELOTA",30,0
25016,"SAN IGNACIO",22,0
25018,"NAVOLATO",91,0
25003,"BADIRAGUATO",32,0
25014,"ROSARIO",17,0
25014,"ROSARIO",51,0
25014,"ROSARIO",4,0
25001,"AHOME",273,0
25002,"ANGOSTURA",276,0
25020,"JUAN JOSE RIOS",0,1
25019,"ELDORADO",0,1
25009,"ESCUINAPA",66,0
25004,"CONCORDIA",22,0
25005,"COSALA",10,0
25012,"MAZATLAN",199,0
25007,"CHOIX",38,0
25013,"MOCORITO",77,0
25015,"SALVADOR ALVARADO",169,0
25006,"CULIACAN",281,0
25017,"SINALOA",53,0
25011,"GUASAVE",281,0
26066,"URES",6,0
26038,"MOCTEZUMA",6,0
26038,"MOCTEZUMA",5,0
26033,"HUATABAMPO",275,0
26056,"SAN MIGUEL DE HORCASITAS",4,0
26031,"HUACHINERA",2,0
26032,"HUASABAS",2,0
26070,"GENERAL PLUTARCO ELIAS CALLES",13,0
26064,"TRINCHERAS",8,0
26062,"SUAQUI GRANDE",1,0
26052,"SAHUARIPA",8,0
26051,"ROSARIO",17,0
26051,"ROSARIO",51,0
26051,"ROSARIO",4,0
26037,"MAZATAN",46,0
26037,"MAZATAN",3,0
26021,"LA COLORADA",4,0
26041,"NACOZARI DE GARCIA",10,0
26043,"NOGALES",52,0
26043,"NOGALES",24,0
26034,"HUEPAC",1,0
26016,"BENJAMIN HILL",9,0
26014,"BAVIACORA",6,0
26015,"BAVISPE",2,0
26069,"YECORA",8,0
26009,"BACANORA",3,0
26029,"GUAYMAS",234,0
26002,"AGUA PRIETA",27,0
26057,"SAN PEDRO DE LA CUEVA",1,0
26055,"SAN LUIS RIO COLORADO",92,0
26024,"DIVISADEROS",73,0
26023,"CUMPAS",6,0
26001,"ACONCHI",12,0
26003,"ALAMOS",34,0
26030,"HERMOSILLO",241,0
26022,"CUCURPE",3,0
26025,"EMPALME",30,0
26027,"FRONTERAS",14,0
26005,"ARIVECHI",4,0
26006,"ARIZPE",5,0
26035,"IMURIS",15,0
26068,"VILLA PESQUEIRA",2,0
26046,"OQUITOA",1,0
26026,"ETCHOJOA",556,0
26049,"QUIRIEGO",5,0
26071,"BENITO JUAREZ",279,0
26071,"BENITO JUAREZ",9,0
26071,"BENITO JUAREZ",160,0
26071,"BENITO JUAREZ",329,0
26071,"BENITO JUAREZ",1,0
26071,"BENITO JUAREZ",29,0
26071,"BENITO JUAREZ",12,0
26004,"ALTAR",15,0
26063,"TEPACHE",1,0
26028,"GRANADOS",1,0
26048,"PUERTO PENASCO",41,0
26017,"CABORCA",30,0
26012,"BACUM",386,0
26044,"ONAVAS",2,0
26036,"MAGDALENA",18,0
26036,"MAGDALENA",11,0
26036,"MAGDALENA",1,0
26013,"BANAMICHI",1,0
26010,"BACERAC",1,0
26050,"RAYON",2,0
26050,"RAYON",3,0
26050,"RAYON",15,0
26050,"RAYON",2,0
26072,"SAN IGNACIO RIO MUERTO",276,0
26061,"SOYOPA",7,0
26011,"BACOACHI",2,0
26018,"CAJEME",1008,0
26047,"PITIQUITO",17,0
26019,"CANANEA",23,0
26020,"CARBO",5,0
26053,"SAN FELIPE DE JESUS",2,0
26042,"NAVOJOA",228,0
26008,"BACADEHUACHI",3,0
26060,"SARIC",2,0
26039,"NACO",8,0
26059,"SANTA CRUZ",11,0
26040,"NACORI CHICO",4,0
26067,"VILLA HIDALGO",7,0
26067,"VILLA HIDALGO",1,0
26067,"VILLA HIDALGO",16,0
26067,"VILLA HIDALGO",11,0
26067,"VILLA HIDALGO",6,0
26065,"TUBUTAMA",2,0
26007,"ATIL",7,0
26045,"OPODEPE",4,0
26054,"SAN JAVIER",1,0
26058,"SANTA ANA",1,0
26058,"SANTA ANA",11,0
27006,"CUNDUACAN",300,0
27001,"BALANCAN",60,0
27016,"TEAPA",69,0
27015,"TACOTALPA",55,0
27014,"PARAISO",138,0
27012,"MACUSPANA",137,0
27002,"CARDENAS",21,0
27002,"CARDENAS",218,0
27003,"CENTLA",76,0
27004,"CENTRO",438,0
27005,"COMALCALCO",172,0
27007,"EMILIANO ZAPATA",9,0
27007,"EMILIANO ZAPATA",25,0
27007,"EMILIANO ZAPATA",20,0
27007,"EMILIANO ZAPATA",2,0
27007,"EMILIANO ZAPATA",27,0
27008,"HUIMANGUILLO",264,0
27009,"JALAPA",42,0
27010,"JALPA DE MENDEZ",46,0
27011,"JONUTA",27,0
27013,"NACAJUCA",58,0
27017,"TENOSIQUE",47,0
28003,"ALTAMIRA",100,0
28041,"VICTORIA",13,0
28041,"VICTORIA",98,0
28010,"CRUILLAS",4,0
28024,"MIER",3,0
28015,"GUSTAVO DIAZ ORDAZ",16,0
28025,"MIGUEL ALEMAN",12,0
28040,"VALLE HERMOSO",27,0
28023,"MENDEZ",5,0
28031,"PALMILLAS",3,0
28039,"TULA",18,0
28038,"TAMPICO",154,0
28037,"SOTO LA MARINA",41,0
28007,"CAMARGO",34,0
28007,"CAMARGO",17,0
28005,"BURGOS",5,0
28032,"REYNOSA",238,0
28033,"RIO BRAVO",43,0
28029,"OCAMPO",11,0
28029,"OCAMPO",12,0
28029,"OCAMPO",16,0
28029,"OCAMPO",1,0
28029,"OCAMPO",12,0
28029,"OCAMPO",10,0
28030,"PADILLA",10,0
28034,"SAN CARLOS",14,0
28035,"SAN FERNANDO",11,0
28035,"SAN FERNANDO",52,0
28022,"MATAMOROS",7,0
28022,"MATAMOROS",26,0
28022,"MATAMOROS",146,0
28036,"SAN NICOLAS",2,0
28036,"SAN NICOLAS",1,0
28028,"NUEVO MORELOS",2,0
28021,"EL MANTE",50,0
28011,"GOMEZ FARIAS",8,0
28011,"GOMEZ FARIAS",4,0
28011,"GOMEZ FARIAS",6,0
28012,"GONZALEZ",22,0
28027,"NUEVO LAREDO",85,0
28013,"GUEMEZ",17,0
28004,"ANTIGUO MORELOS",7,0
28006,"BUSTAMANTE",1,0
28006,"BUSTAMANTE",8,0
28016,"HIDALGO",6,0
28016,"HIDALGO",118,0
28016,"HIDALGO",2,0
28016,"HIDALGO",25,0
28019,"LLERA",19,0
28017,"JAUMAVE",15,0
28020,"MAINERO",4,0
28008,"CASAS",8,0
28043,"XICOTENCATL",19,0
28042,"VILLAGRAN",11,0
28042,"VILLAGRAN",13,0
28014,"GUERRERO",70,0
28014,"GUERRERO",2,0
28014,"GUERRERO",14,0
28009,"CIUDAD MADERO",144,0
28026,"MIQUIHUANA",5,0
28001,"ABASOLO",1,0
28001,"ABASOLO",16,0
28001,"ABASOLO",2,0
28001,"ABASOLO",19,0
28002,"ALDAMA",4,0
28002,"ALDAMA",20,0
28002,"ALDAMA",19,0
28018,"JIMENEZ",33,0
28018,"JIMENEZ",10,0
28018,"JIMENEZ",23,0
28018,"JIMENEZ",7,0
29019,"TEPETITLA DE LARDIZABAL",6,0
29045,"BENITO JUAREZ",279,0
29045,"BENITO JUAREZ",9,0
29045,"BENITO JUAREZ",160,0
29045,"BENITO JUAREZ",329,0
29045,"BENITO JUAREZ",1,0
29045,"BENITO JUAREZ",29,0
29045,"BENITO JUAREZ",12,0
29047,"LAZARO CARDENAS",487,0
29047,"LAZARO CARDENAS",54,0
29047,"LAZARO CARDENAS",2,0
29033,"TLAXCALA",49,0
29059,"SANTA CRUZ QUILEHTLA",2,0
29004,"ATLTZAYANCA",5,0
29054,"SAN LORENZO AXOCOMANITLA",1,0
29042,"XICOHTZINCO",2,0
29044,"ZACATELCO",9,0
29053,"SAN JUAN HUACTZINCO",1,0
29008,"CUAPIAXTLA",4,0
29029,"TEPEYANCO",1,0
29046,"EMILIANO ZAPATA",9,0
29046,"EMILIANO ZAPATA",25,0
29046,"EMILIANO ZAPATA",20,0
29046,"EMILIANO ZAPATA",2,0
29046,"EMILIANO ZAPATA",27,0
29025,"SAN PABLO DEL MONTE",7,0
29058,"SANTA CATARINA AYOMETLA",1,0
29014,"HUEYOTLIPAN",16,0
29028,"TEOLOCHOLCO",4,0
29040,"XALTOCAN",4,0
29060,"SANTA ISABEL XILOXOXTLA",1,0
29015,"IXTACUIXTLA DE MARIANO MATAMOROS",16,0
29057,"SANTA APOLONIA TEACALCO",1,0
29056,"SANTA ANA NOPALUCAN",1,0
29051,"SAN JERONIMO ZACUALPAN",1,0
29041,"PAPALOTLA DE XICOHTENCATL",5,0
29038,"TZOMPANTEPEC",10,0
29023,"NATIVITAS",11,0
29020,"SANCTORUM DE LAZARO CARDENAS",5,0
29017,"MAZATECOCHCO DE JOSE MARIA MORELOS",1,0
29022,"ACUAMANALA DE MIGUEL HIDALGO",2,0
29001,"AMAXAC DE GUERRERO",5,0
29006,"CALPULALPAN",17,0
29016,"IXTENCO",1,0
29049,"SAN DAMIAN TEXOLOC",1,0
29043,"YAUHQUEMEHCAN",5,0
29013,"HUAMANTLA",27,0
29002,"APETATITLAN DE ANTONIO CARVAJAL",9,0
29005,"APIZACO",28,0
29018,"CONTLA DE JUAN CUAMATZI",7,0
29003,"ATLANGATEPEC",10,0
29011,"MUNOZ DE DOMINGO ARENAS",6,0
29009,"CUAXOMULCO",4,0
29010,"CHIAUTEMPAN",19,0
29007,"EL CARMEN TEQUEXQUITLA",6,0
29021,"NANACAMILPA DE MARIANO ARISTA",9,0
29012,"ESPANITA",7,0
29031,"TETLA DE LA SOLIDARIDAD",8,0
29032,"TETLATLAHUCA",6,0
29034,"TLAXCO",4,0
29034,"TLAXCO",23,0
29035,"TOCATLAN",5,0
29030,"TERRENATE",6,0
29026,"SANTA CRUZ TLAXCALA",10,0
29050,"SAN FRANCISCO TETLANOHCAN",3,0
29052,"SAN JOSE TEACALCO",2,0
29027,"TENANCINGO",19,0
29027,"TENANCINGO",3,0
29055,"SAN LUCAS TECOPILCO",1,0
29024,"PANOTLA",11,0
29037,"ZILTLALTEPEC DE TRINIDAD SANCHEZ SANTOS",2,0
29048,"LA MAGDALENA TLALTELULCO",1,0
29039,"XALOZTOC",8,0
29036,"TOTOLAC",2,0
30162,"TENAMPA",1,0
30169,"JOSE AZUETA",15,0
30185,"TLILAPAN",3,0
30187,"TONAYAN",2,0
30188,"TOTUTLA",5,0
30189,"TUXPAN",14,0
30189,"TUXPAN",18,0
30189,"TUXPAN",18,0
30189,"TUXPAN",126,0
30190,"TUXTILLA",4,0
30078,"IXCATEPEC",31,0
30191,"URSULO GALVAN",16,0
30079,"IXHUACAN DE LOS REYES",5,0
30192,"VEGA DE ALATORRE",11,0
30194,"VILLA ALDAMA",7,0
30031,"CARRILLO PUERTO",10,0
30195,"XOXOCOTLA",4,0
30195,"XOXOCOTLA",3,0
30199,"ZARAGOZA",15,0
30199,"ZARAGOZA",6,0
30199,"ZARAGOZA",15,0
30199,"ZARAGOZA",3,0
30206,"NANCHITAL DE LAZARO CARDENAS DEL RIO",14,0
30210,"UXPANAPA",10,0
30211,"SAN RAFAEL",5,0
30212,"SANTIAGO SOCHIAPAN",4,0
30103,"MECATLAN",3,0
30141,"SAN ANDRES TUXTLA",67,0
30140,"SAN ANDRES TENEJAPAN",2,0
30138,"RIO BLANCO",8,0
30136,"RAFAEL LUCIO",4,0
30131,"POZA RICA DE HIDALGO",221,0
30116,"OLUTA",5,0
30109,"MISANTLA",26,0
30107,"LAS MINAS",2,0
30203,"ZOZOCOLCO DE HIDALGO",4,0
30205,"EL HIGO",9,0
30071,"HUATUSCO",18,0
30069,"GUTIERREZ ZAMORA",17,0
30098,"MAGDALENA",18,0
30098,"MAGDALENA",11,0
30098,"MAGDALENA",1,0
30075,"IGNACIO DE LA LLAVE",13,0
30074,"HUILOAPAN DE CUAUHTEMOC",4,0
30073,"HUEYAPAN DE OCAMPO",18,0
30072,"HUAYACOCOTLA",24,0
30149,"SOTEAPAN",24,0
30150,"TAMALIN",9,0
30148,"SOLEDAD DE DOBLADO",11,0
30147,"SOLEDAD ATZOMPA",8,0
30146,"SOCHIAPA",1,0
30145,"SOCONUSCO",4,0
30004,"ACTOPAN",22,0
30004,"ACTOPAN",38,0
30070,"HIDALGOTITLAN",10,0
30068,"FORTIN",11,0
30067,"FILOMENO MATA",3,0
30066,"ESPINAL",12,0
30065,"EMILIANO ZAPATA",9,0
30065,"EMILIANO ZAPATA",25,0
30065,"EMILIANO ZAPATA",20,0
30065,"EMILIANO ZAPATA",2,0
30065,"EMILIANO ZAPATA",27,0
30064,"CHUMATLAN",1,0
30173,"TEZONAPA",81,0
30209,"TATAHUICAPAN DE JUAREZ",4,0
30032,"CATEMACO",23,0
30040,"COATZINTLA",25,0
30039,"COATZACOALCOS",242,0
30038,"COATEPEC",2,0
30038,"COATEPEC",18,0
30037,"COAHUITLAN",3,0
30036,"COACOATZINTLA",2,0
30035,"CITLALTEPETL",4,0
30034,"CERRO AZUL",33,0
30033,"CAZONES DE HERRERA",14,0
30030,"CAMERINO Z. MENDOZA",9,0
30029,"CALCAHUALCO",7,0
30028,"BOCA DEL RIO",47,0
30027,"BENITO JUAREZ",279,0
30027,"BENITO JUAREZ",9,0
30027,"BENITO JUAREZ",160,0
30027,"BENITO JUAREZ",329,0
30027,"BENITO JUAREZ",1,0
30027,"BENITO JUAREZ",29,0
30027,"BENITO JUAREZ",12,0
30026,"BANDERILLA",4,0
30025,"AYAHUALULCO",7,0
30024,"TLALTETELA",3,0
30023,"ATZALAN",29,0
30022,"ATZACAN",5,0
30168,"TEQUILA",38,0
30168,"TEQUILA",7,0
30166,"TEPETLAN",3,0
30165,"TEPATLAXCO",3,0
30164,"TEOCELO",11,0
30126,"PASO DE OVEJAS",38,0
30050,"COXQUIHUI",6,0
30046,"COSAUTLAN DE CARVAJAL",5,0
30021,"ATOYAC",1,0
30021,"ATOYAC",24,0
30128,"PEROTE",27,0
30020,"ATLAHUILCO",6,0
30101,"MARIANO ESCOBEDO",7,0
30018,"AQUILA",35,0
30018,"AQUILA",2,0
30009,"ALTO LUCERO DE GUTIERREZ BARRIOS",41,0
30112,"NAOLINCO",6,0
30008,"ALPATLAHUAC",7,0
30007,"CAMARON DE TEJEDA",6,0
30006,"ACULTZINGO",14,0
30111,"MOLOACAN",14,0
30110,"MIXTLA DE ALTAMIRANO",6,0
30005,"ACULA",2,0
30051,"COYUTLA",9,0
30045,"COSAMALOAPAN DE CARPIO",57,0
30013,"NARANJOS AMATLAN",28,0
30014,"AMATLAN DE LOS REYES",26,0
30002,"ACATLAN",12,0
30002,"ACATLAN",19,0
30002,"ACATLAN",1,0
30001,"ACAJETE",20,0
30001,"ACAJETE",8,0
30003,"ACAYUCAN",38,0
30120,"OTEAPAN",4,0
30127,"LA PERLA",11,0
30048,"COSOLEACAQUE",28,0
30059,"CHINAMECA",16,0
30100,"MANLIO FABIO ALTAMIRANO",18,0
30087,"XALAPA",90,0
30097,"LERDO DE TEJADA",20,0
30010,"ALTOTONGA",20,0
30108,"MINATITLAN",8,0
30108,"MINATITLAN",281,0
30011,"ALVARADO",46,0
30012,"AMATITLAN",5,0
30015,"ANGEL R. CABADA",10,0
30016,"LA ANTIGUA",38,0
30017,"APAZAPAN",6,0
30117,"OMEALCA",39,0
30113,"NARANJAL",6,0
30114,"NAUTLA",12,0
30115,"NOGALES",52,0
30115,"NOGALES",24,0
30163,"TENOCHTITLAN",2,0
30019,"ASTACINGA",3,0
30042,"COLIPA",4,0
30043,"COMAPA",8,0
30044,"CORDOBA",47,0
30047,"COSCOMATEPEC",19,0
30049,"COTAXTLA",12,0
30052,"CUICHAPA",12,0
30099,"MALTRATA",11,0
30105,"MEDELLIN DE BRAVO",26,0
30184,"TLAQUILPA",5,0
30175,"TIHUATLAN",38,0
30178,"TLACOTALPAN",9,0
30180,"TLACHICHILCO",8,0
30137,"LOS REYES",20,0
30137,"LOS REYES",3,0
30196,"YANGA",20,0
30197,"YECUATLA",4,0
30198,"ZACUALPAN",7,0
30198,"ZACUALPAN",9,0
30139,"SALTABARRANCA",7,0
30186,"TOMATLAN",24,0
30186,"TOMATLAN",3,0
30200,"ZENTLA",4,0
30202,"ZONTECOMATLAN DE LOPEZ Y FUENTES",7,0
30204,"AGUA DULCE",19,0
30207,"TRES VALLES",19,0
30208,"CARLOS A. CARRILLO",12,0
30201,"ZONGOLICA",38,0
30181,"TLALIXCOYAN",23,0
30182,"TLALNELHUAYOCAN",3,0
30183,"TLAPACOYAN",16,0
30076,"ILAMATLAN",9,0
30077,"ISLA",19,0
30080,"IXHUATLAN DEL CAFE",9,0
30081,"IXHUATLANCILLO",5,0
30082,"IXHUATLAN DEL SURESTE",70,0
30083,"IXHUATLAN DE MADERO",35,0
30084,"IXMATLAHUACAN",3,0
30085,"IXTACZOQUITLAN",28,0
30086,"JALACINGO",10,0
30088,"JALCOMULCO",5,0
30089,"JALTIPAN",18,0
30090,"JAMAPA",5,0
30091,"JESUS CARRANZA",22,0
30092,"XICO",5,0
30041,"COETZALA",1,0
30053,"CUITLAHUAC",10,0
30054,"CHACALTIANGUIS",11,0
30055,"CHALMA",7,0
30056,"CHICONAMEL",5,0
30057,"CHICONQUIACO",6,0
30058,"CHICONTEPEC",43,0
30060,"CHINAMPA DE GOROSTIZA",5,0
30061,"LAS CHOAPAS",36,0
30062,"CHOCAMAN",4,0
30063,"CHONTLA",7,0
30093,"JILOTEPEC",34,0
30093,"JILOTEPEC",4,0
30094,"JUAN RODRIGUEZ CLARA",21,0
30095,"JUCHIQUE DE FERRER",6,0
30096,"LANDERO Y COSS",1,0
30104,"MECAYAPAN",21,0
30118,"ORIZABA",35,0
30119,"OTATITLAN",4,0
30121,"OZULUAMA DE MASCARENAS",32,0
30123,"PANUCO",108,0
30123,"PANUCO",4,0
30124,"PAPANTLA",271,0
30125,"PASO DEL MACHO",16,0
30129,"PLATON SANCHEZ",13,0
30130,"PLAYA VICENTE",28,0
30122,"PAJAPAN",10,0
30132,"LAS VIGAS DE RAMIREZ",6,0
30133,"PUEBLO VIEJO",26,0
30134,"PUENTE NACIONAL",25,0
30135,"RAFAEL DELGADO",3,0
30106,"MIAHUATLAN",1,0
30102,"MARTINEZ DE LA TORRE",25,0
30170,"TEXCATEPEC",12,0
30171,"TEXHUACAN",8,0
30172,"TEXISTEPEC",11,0
30174,"TIERRA BLANCA",1,0
30174,"TIERRA BLANCA",46,0
30176,"TLACOJALPAN",2,0
30179,"TLACOTEPEC DE MEJIA",2,0
30177,"TLACOLULAN",8,0
30193,"VERACRUZ",143,0
30143,"SANTIAGO TUXTLA",27,0
30144,"SAYULA DE ALEMAN",24,0
30142,"SAN JUAN EVANGELISTA",18,0
30151,"TAMIAHUA",18,0
30152,"TAMPICO ALTO",26,0
30153,"TANCOCO",5,0
30154,"TANTIMA",8,0
30155,"TANTOYUCA",33,0
30156,"TATATILA",1,0
30157,"CASTILLO DE TEAYO",16,0
30158,"TECOLUTLA",15,0
30159,"TEHUIPANGO",7,0
30160,"ALAMO TEMAPACHE",50,0
30161,"TEMPOAL",27,0
30167,"TEPETZINTLA",14,0
30167,"TEPETZINTLA",11,0
31009,"CANSAHCAB",4,0
31007,"CACALCHEN",3,0
31019,"CHEMAX",17,0
31101,"UMAN",31,0
31106,"YOBAIN",2,0
31105,"YAXKUKUL",1,0
31103,"XOCCHEL",5,0
31097,"TUNKAS",6,0
31095,"TIXPEHUAL",6,0
31081,"TEKOM",5,0
31090,"TIMUCUY",4,0
31088,"TEYA",2,0
31087,"TETIZ",3,0
31066,"SANTA ELENA",3,0
31086,"TEPAKAN",4,0
31083,"TELCHAC PUERTO",6,0
31082,"TELCHAC PUEBLO",3,0
31080,"TEKIT",6,0
31102,"VALLADOLID",47,0
31071,"SUDZAL",4,0
31069,"SOTUTA",11,0
31078,"TEKANTO",3,0
31037,"HUHI",4,0
31027,"DZIDZANTUN",11,0
31058,"PETO",36,0
31055,"OPICHEN",5,0
31036,"HOMUN",4,0
31032,"ESPITA",12,0
31077,"TEKAL DE VENEGAS",4,0
31074,"TAHMEK",3,0
31026,"DZEMUL",13,0
31025,"DZAN",1,0
31001,"ABALA",10,0
31050,"MERIDA",257,0
31023,"CHOCHOLA",2,0
31035,"HOCTUN",7,0
31034,"HOCABA",6,0
31016,"CHACSINKIN",0,1
31015,"CUZAMA",9,0
31013,"CONKAL",8,0
31049,"MAYAPAN",1,0
31065,"SAN FELIPE",1,0
31065,"SAN FELIPE",31,0
31065,"SAN FELIPE",3,0
31064,"SANAHCAT",1,0
31073,"TAHDZIU",3,0
31072,"SUMA",4,0
31093,"TIXKOKOB",20,0
31061,"RIO LAGARTOS",12,0
31014,"CUNCUNUL",3,0
31089,"TICUL",16,0
31070,"SUCILA",2,0
31068,"SINANCHE",4,0
31012,"CENOTILLO",6,0
31010,"CANTAMAYEC",4,0
31002,"ACANCEH",15,0
31063,"SAMAHIL",5,0
31060,"QUINTANA ROO",4,0
31054,"MUXUPIP",3,0
31053,"MUNA",8,0
31076,"TECOH",13,0
31098,"TZUCACAB",19,0
31042,"KANTUNIL",3,0
31052,"MOTUL",27,0
31006,"BUCTZOTZ",5,0
31056,"OXKUTZCAB",24,0
31057,"PANABA",3,0
31028,"DZILAM DE BRAVO",7,0
31062,"SACALUM",5,0
31051,"MOCOCHA",7,0
31040,"IZAMAL",23,0
31085,"TEMOZON",8,0
31104,"YAXCABA",27,0
31091,"TINUM",11,0
31048,"MAXCANU",33,0
31096,"TIZIMIN",76,0
31099,"UAYMA",3,0
31005,"BOKOBA",1,0
31047,"MANI",4,0
31046,"MAMA",3,0
31045,"KOPOMA",6,0
31044,"KINCHIL",4,0
31100,"UCU",2,0
31043,"KAUA",4,0
31020,"CHICXULUB PUEBLO",1,0
31067,"SEYE",8,0
31075,"TEABO",4,0
31004,"BACA",3,0
31003,"AKIL",4,0
31022,"CHIKINDZONOT",5,0
31033,"HALACHO",22,0
31079,"TEKAX",25,0
31059,"PROGRESO",3,0
31059,"PROGRESO",56,0
31094,"TIXMEHUAC",8,0
31084,"TEMAX",9,0
31029,"DZILAM GONZALEZ",3,0
31041,"KANASIN",10,0
31038,"HUNUCMA",20,0
31030,"DZITAS",6,0
31021,"CHICHIMILA",5,0
31039,"IXIL",2,0
31092,"TIXCACALCUPUL",10,0
31018,"CHAPAB",3,0
31017,"CHANKOM",14,0
31024,"CHUMAYEL",1,0
31031,"DZONCAUICH",2,0
31011,"CELESTUN",12,0
31008,"CALOTMUL",4,0
32027,"MELCHOR OCAMPO",4,0
32027,"MELCHOR OCAMPO",1,0
32027,"MELCHOR OCAMPO",3,0
32019,"JALPA",41,0
32003,"ATOLINGA",3,0
32058,"SANTA MARIA DE LA PAZ",0,1
32036,"OJOCALIENTE",16,0
32035,"NORIA DE ANGELES",13,0
32037,"PANUCO",108,0
32037,"PANUCO",4,0
32040,"SAIN ALTO",26,0
32033,"MOYAHUA DE ESTRADA",10,0
32020,"JEREZ",31,0
32010,"FRESNILLO",100,0
32034,"NOCHISTLAN DE MEJIA",68,0
32005,"CALERA",17,0
32045,"TEPECHITLAN",16,0
32038,"PINOS",39,0
32051,"VILLA DE COS",32,0
32050,"VETAGRANDE",5,0
32049,"VALPARAISO",33,0
32048,"TLALTENANGO DE SANCHEZ ROMAN",12,0
32046,"TEPETONGO",31,0
32025,"LUIS MOYA",5,0
32044,"TABASCO",20,0
32043,"SUSTICACAN",5,0
32054,"VILLA HIDALGO",7,0
32054,"VILLA HIDALGO",1,0
32054,"VILLA HIDALGO",16,0
32054,"VILLA HIDALGO",11,0
32054,"VILLA HIDALGO",6,0
32042,"SOMBRERETE",47,0
32041,"EL SALVADOR",4,0
32016,"GENERAL PANFILO NATERA",15,0
32014,"GENERAL FRANCISCO R. MURGUIA",27,0
32013,"GENERAL ENRIQUE ESTRADA",4,0
32009,"CHALCHIHUITES",12,0
32017,"GUADALUPE",14,0
32017,"GUADALUPE",35,0
32017,"GUADALUPE",4,0
32017,"GUADALUPE",49,0
32057,"TRANCOSO",3,0
32030,"MOMAX",2,0
32032,"MORELOS",12,0
32032,"MORELOS",4,0
32032,"MORELOS",13,0
32032,"MORELOS",6,0
32032,"MORELOS",10,0
32056,"ZACATECAS",71,0
32018,"HUANUSCO",7,0
32022,"JUAN ALDAMA",12,0
32002,"APULCO",7,0
32001,"APOZOL",19,0
32015,"EL PLATEADO DE JOAQUIN AMARO",2,0
32028,"MEZQUITAL DEL ORO",12,0
32026,"MAZAPIL",39,0
32052,"VILLA GARCIA",9,0
32024,"LORETO",69,0
32024,"LORETO",17,0
32004,"BENITO JUAREZ",279,0
32004,"BENITO JUAREZ",9,0
32004,"BENITO JUAREZ",160,0
32004,"BENITO JUAREZ",329,0
32004,"BENITO JUAREZ",1,0
32004,"BENITO JUAREZ",29,0
32004,"BENITO JUAREZ",12,0
32029,"MIGUEL AUZA",12,0
32053,"VILLA GONZALEZ ORTEGA",5,0
32023,"JUCHIPILA",14,0
32039,"RIO GRANDE",43,0
32055,"VILLANUEVA",34,0
32031,"MONTE ESCOBEDO",12,0
32021,"JIMENEZ DEL TEUL",3,0
32008,"CUAUHTEMOC",46,0
32008,"CUAUHTEMOC",805,0
32008,"CUAUHTEMOC",17,0
32008,"CUAUHTEMOC",5,0
32007,"CONCEPCION DEL ORO",27,0
32047,"TEUL DE GONZALEZ ORTEGA",10,0
32012,"GENARO CODINA",10,0
32006,"CANITAS DE FELIPE PESCADOR",11,0
32011,"TRINIDAD GARCIA DE LA CADENA",3,0
