"covariate","coef_h0.5","se_h0.5","pval_h0.5","n_l_h0.5","n_r_h0.5","coef_h1","se_h1","pval_h1","n_l_h1","n_r_h1","coef_h1.5","se_h1.5","pval_h1.5","n_l_h1.5","n_r_h1.5","coef_h1.76_OPT","se_h1.76_OPT","pval_h1.76_OPT","n_l_h1.76_OPT","n_r_h1.76_OPT"
"tdpa_avg",96616.09,22163274.3561,0.3365,3,8,15717.5508,100461.3156,0.3812,9,17,9081.784,26251.0949,0.376,19,26,8812.261,19007.2331,0.4781,37,26
"no_tdpa_avg",-5.0092,650.8982,0.9692,3,8,-0.7247,5.3117,0.2043,9,17,-0.4804,1.0974,0.3587,19,26,-0.3734,0.8317,0.3491,37,26
"punto_generador_count",67.402,14991.1097,0.3548,3,8,2.4699,62.6226,0.1636,9,17,0.1259,16.0387,0.9107,19,26,-0.1103,12.3292,0.896,37,26
"no_punto_generador_count",-5.0092,650.8982,0.9692,3,8,-0.7247,5.3117,0.2043,9,17,-0.4804,1.0974,0.3587,19,26,-0.3734,0.8317,0.3491,37,26
"m_avg",14.1367,3182.8866,0.345,3,8,2.9727,18.3934,0.1851,9,17,1.0107,4.5809,0.162,19,26,0.1502,3.1702,0.2569,37,26
"no_m_avg",-5.0092,650.8982,0.9692,3,8,-0.7247,5.3117,0.2043,9,17,-0.4804,1.0974,0.3587,19,26,-0.3734,0.8317,0.3491,37,26
"a_avg",393.8342,51122.3001,0.9017,3,8,59.7283,422.7871,0.2103,9,17,39.8214,87.5288,0.3545,19,26,30.4356,66.0845,0.3237,37,26
"no_a_avg",-5.0092,650.8982,0.9692,3,8,-0.7247,5.3117,0.2043,9,17,-0.4804,1.0974,0.3587,19,26,-0.3734,0.8317,0.3491,37,26
"b_avg",11.5987,1536.5577,0.7181,3,8,2.042,10.6729,0.2032,9,17,1.543,2.481,0.235,19,26,1.2014,1.8691,0.1959,37,26
"no_b_avg",-5.0092,650.8982,0.9692,3,8,-0.7247,5.3117,0.2043,9,17,-0.4804,1.0974,0.3587,19,26,-0.3734,0.8317,0.3491,37,26
"c2_avg",34.0468,5029.3844,0.6404,3,8,3.3971,38.8623,0.2276,9,17,1.5414,8.07,0.5377,19,26,1.0976,6.1002,0.6248,37,26
"no_c2_avg",-5.0092,650.8982,0.9692,3,8,-0.7247,5.3117,0.2043,9,17,-0.4804,1.0974,0.3587,19,26,-0.3734,0.8317,0.3491,37,26
"c3_avg",10.6776,1521.9374,0.6736,3,8,0.9363,10.0344,0.1717,9,17,0.7579,2.1217,0.6192,19,26,0.8803,1.6985,0.6964,37,26
"no_c3_avg",-5.0092,650.8982,0.9692,3,8,-0.7247,5.3117,0.2043,9,17,-0.4804,1.0974,0.3587,19,26,-0.3734,0.8317,0.3491,37,26
"t3s2_avg",23.0086,3454.4757,0.6438,3,8,1.2149,21.1738,0.1743,9,17,1.5839,4.7518,0.7784,19,26,1.8133,4.012,0.8169,37,26
"no_t3s2_avg",-5.0092,650.8982,0.9692,3,8,-0.7247,5.3117,0.2043,9,17,-0.4804,1.0974,0.3587,19,26,-0.3734,0.8317,0.3491,37,26
"t3s3_avg",5.9502,831.8122,0.7513,3,8,0.7615,5.8618,0.1972,9,17,0.5976,1.267,0.3874,19,26,0.5952,0.9882,0.4837,37,26
"no_t3s3_avg",-5.0092,650.8982,0.9692,3,8,-0.7247,5.3117,0.2043,9,17,-0.4804,1.0974,0.3587,19,26,-0.3734,0.8317,0.3491,37,26
"t3s2r4_avg",5.2773,1058.6447,0.3546,3,8,1.0894,4.6436,0.1461,9,17,0.9166,1.2596,0.2474,19,26,0.9151,1.0428,0.3099,37,26
"no_t3s2r4_avg",-5.0092,650.8982,0.9692,3,8,-0.7247,5.3117,0.2043,9,17,-0.4804,1.0974,0.3587,19,26,-0.3734,0.8317,0.3491,37,26
"otros_avg",2.3931,329.3778,0.7686,3,8,0.3257,2.2942,0.201,9,17,0.2686,0.5003,0.4001,19,26,0.252,0.3905,0.4071,37,26
"no_otros_avg",-5.0092,650.8982,0.9692,3,8,-0.7247,5.3117,0.2043,9,17,-0.4804,1.0974,0.3587,19,26,-0.3734,0.8317,0.3491,37,26
"aa_avg",407.9709,52738.1543,0.9499,3,8,62.701,439.9397,0.2079,9,17,40.8321,90.9691,0.3364,19,26,30.5857,68.6686,0.3163,37,26
"no_aa_avg",-5.0092,650.8982,0.9692,3,8,-0.7247,5.3117,0.2043,9,17,-0.4804,1.0974,0.3587,19,26,-0.3734,0.8317,0.3491,37,26
"bb_avg",11.5987,1536.5577,0.7181,3,8,2.042,10.6729,0.2032,9,17,1.543,2.481,0.235,19,26,1.2014,1.8691,0.1959,37,26
"no_bb_avg",-5.0092,650.8982,0.9692,3,8,-0.7247,5.3117,0.2043,9,17,-0.4804,1.0974,0.3587,19,26,-0.3734,0.8317,0.3491,37,26
"cc_avg",81.3537,10935.9413,0.982,3,8,7.725,81.3656,0.1901,9,17,5.6679,17.1046,0.5456,19,26,5.555,13.4649,0.6214,37,26
"no_cc_avg",-5.0092,650.8982,0.9692,3,8,-0.7247,5.3117,0.2043,9,17,-0.4804,1.0974,0.3587,19,26,-0.3734,0.8317,0.3491,37,26
"IM_2020",-2.7566,2438.2621,0.2535,3,8,-0.9717,10.1705,0.6325,9,17,-0.1377,2.6569,0.342,19,26,0.3097,2.0017,0.4686,37,26
"no_IM_2020",0,0,NA,3,8,0,0,NA,9,17,0,0,NA,19,26,0,0,NA,37,26
"IE",38.8317,20844.5492,0.2726,3,8,-9.263,55.4852,0.3548,9,17,-7.7489,13.4853,0.3937,19,26,-5.3653,12.4329,0.2994,37,26
"no_IE",0,0,NA,3,8,0,0,NA,9,17,0,0,NA,19,26,0,0,NA,37,26
"TCVCU",9.4645,1301.7974,0.9699,3,8,0.4085,12.4964,0.355,9,17,0.4997,4.8528,0.5165,19,26,0.3435,3.4893,0.6396,37,26
"no_TCVCU",0,0,NA,3,8,0,0,NA,9,17,0,0,NA,19,26,0,0,NA,37,26
"ICE",38.2294,21462.5817,0.2705,3,8,-9.5234,55.5847,0.3665,9,17,-7.7775,13.6645,0.3719,19,26,-5.2825,12.6736,0.2947,37,26
"no_ICE",0,0,NA,3,8,0,0,NA,9,17,0,0,NA,19,26,0,0,NA,37,26
"VIVPAR_HAB",106175.0396,223804368.5161,0.2503,3,8,-65074.1472,478991.2925,0.9202,9,17,-10780.5578,133623.1404,0.2021,19,26,10713.2485,124348.5703,0.4854,37,26
"no_VIVPAR_HAB",0,0,NA,3,8,0,0,NA,9,17,0,0,NA,19,26,0,0,NA,37,26
"POBTOT",46063.6108,826167110.6712,0.2486,3,8,-267070.7167,1833147.7882,0.8682,9,17,-69534.4612,502762.5144,0.2016,19,26,14176.9331,461511.22,0.4427,37,26
"no_POBTOT",0,0,NA,3,8,0,0,NA,9,17,0,0,NA,19,26,0,0,NA,37,26
"pct_VPH_SINTIC",0.0086,2.449,0.2987,3,8,0.0046,0.0307,0.4298,9,17,0.0019,0.0079,0.1508,19,26,-6e-04,0.0058,0.1873,37,26
"no_pct_VPH_SINTIC",0,0,NA,3,8,0,0,NA,9,17,0,0,NA,19,26,0,0,NA,37,26
"pct_VPH_C_ELEC",-0.2577,54.5308,0.4025,3,8,0.0053,0.2946,0.228,9,17,-0.0091,0.0699,0.8432,19,26,-0.0175,0.0573,0.8989,37,26
"no_pct_VPH_C_ELEC",0,0,NA,3,8,0,0,NA,9,17,0,0,NA,19,26,0,0,NA,37,26
"pct_VPH_AGUADV",-0.3033,62.3071,0.3931,3,8,-0.0132,0.3373,0.3107,9,17,-0.0263,0.0809,0.852,19,26,-0.0257,0.0675,0.7035,37,26
"no_pct_VPH_AGUADV",0,0,NA,3,8,0,0,NA,9,17,0,0,NA,19,26,0,0,NA,37,26
"pct_VPH_PISODT",-0.2198,49.9821,0.3722,3,8,-0.0149,0.4201,0.3453,9,17,-0.0072,0.0985,0.726,19,26,-0.0056,0.0719,0.8064,37,26
"no_pct_VPH_PISODT",0,0,NA,3,8,0,0,NA,9,17,0,0,NA,19,26,0,0,NA,37,26
"pct_VPH_PISOTI",-0.0344,5.2479,0.9145,3,8,0.0206,0.2019,0.7938,9,17,-0.0013,0.0535,0.3657,19,26,-0.0122,0.0376,0.475,37,26
"no_pct_VPH_PISOTI",0,0,NA,3,8,0,0,NA,9,17,0,0,NA,19,26,0,0,NA,37,26
"pct_VPH_1CUART",-0.0038,9.4901,0.2573,3,8,0.0496,0.1373,0.8074,9,17,0.0181,0.0412,0.0107,19,26,-0.0128,0.0327,0.0112,37,26
"no_pct_VPH_1CUART",0,0,NA,3,8,0,0,NA,9,17,0,0,NA,19,26,0,0,NA,37,26
"n_schools_avg",3.6384,4.3456,0.3402,3,8,1.9856,3.7703,0.2642,9,17,2.9192,3.4238,0.5884,19,26,3.1031,3.9057,0.5362,37,26
"no_n_schools_avg",-0.1538,0.2851,0.2619,3,8,-0.1948,0.2439,0.3777,9,17,-0.2203,0.2147,0.4043,19,26,-0.2656,0.2466,0.5648,37,26
"pct_con_bebederos",0.1025,0.1164,0.3543,3,8,0.0505,0.1011,0.2535,9,17,0.0547,0.0905,0.5563,19,26,0.0802,0.0955,0.7951,37,26
"no_pct_con_bebederos",-0.1538,0.2851,0.2619,3,8,-0.1948,0.2439,0.3777,9,17,-0.2203,0.2147,0.4043,19,26,-0.2656,0.2466,0.5648,37,26
"pct_con_proteccion_civil",-0.0493,0.072,0.1402,3,8,0.072,0.0573,0.9894,9,17,0.1013,0.0425,0.2385,19,26,0.133,0.072,0.9302,37,26
"no_pct_con_proteccion_civil",-0.1538,0.2851,0.2619,3,8,-0.1948,0.2439,0.3777,9,17,-0.2203,0.2147,0.4043,19,26,-0.2656,0.2466,0.5648,37,26
"pct_con_cancha",0.1338,0.2065,0.287,3,8,0.1323,0.1771,0.3429,9,17,0.1367,0.155,0.4245,19,26,0.1661,0.1688,0.5261,37,26
"no_pct_con_cancha",-0.1538,0.2851,0.2619,3,8,-0.1948,0.2439,0.3777,9,17,-0.2203,0.2147,0.4043,19,26,-0.2656,0.2466,0.5648,37,26
"avg_anio_creacion",305.5898,565.7594,0.262,3,8,386.3254,483.9379,0.3775,9,17,436.9452,425.9528,0.4044,19,26,527.1558,489.0184,0.5656,37,26
"no_avg_anio_creacion",-0.1538,0.2851,0.2619,3,8,-0.1948,0.2439,0.3777,9,17,-0.2203,0.2147,0.4043,19,26,-0.2656,0.2466,0.5648,37,26
"km_carretera_fed",200.8395,163555.5067,0.2578,3,8,-52.3102,368.2544,0.3864,9,17,-23.5329,126.2578,0.2299,19,26,-17.2632,100.3412,0.5427,37,26
"km_carretera_est",280.7561,105560.3001,0.297,3,8,-37.8829,356.9904,0.2119,9,17,-23.4103,114.0992,0.9042,19,26,-47.3178,100.3861,0.8071,37,26
"km_cuota",-88.7864,28403.5461,0.3313,3,8,7.8911,160.4833,0.5272,9,17,27.8356,42.5101,0.861,19,26,20.4915,33.4991,0.3917,37,26
"km_camino",548.8667,131261.9884,0.3464,3,8,156.6828,1231.5697,0.2151,9,17,154.9618,592.4655,0.833,19,26,26.624,311.3271,0.2645,37,26
"km_vereda",0.6734,244.1561,0.2706,3,8,8.3647,94.3233,0.4958,9,17,-1.1104,22.3938,0.4035,19,26,-3.6978,15.5059,0.686,37,26
"km_vialidad_urbana",3044.1709,588714.1143,0.4004,3,8,253.0027,3097.779,0.1743,9,17,483.6575,715.6489,0.8584,19,26,429.7949,571.7913,0.4853,37,26
"km_total",4664.1832,1183624.7518,0.3287,3,8,352.7291,5426.7639,0.1756,9,17,644.7296,1418.8748,0.7837,19,26,434.5384,1059.6872,0.4708,37,26
"n_federal_offices",101.229,80388.3375,0.2588,3,8,23.6482,249.4191,0.4699,9,17,42.6941,121.3621,0.9201,19,26,-12.7343,100.1403,0.2492,37,26
"no_n_federal_offices",0,0,NA,3,8,0,0,NA,9,17,0,0,NA,19,26,0,0,NA,37,26
"n_aerodromes",0,0,NA,3,8,0.103,2.3256,0.542,9,17,0.1605,2.3841,0.2757,19,26,-0.8368,1.9444,0.2226,37,26
"no_n_aerodromes",-2.5252,1035.2793,0.271,3,8,-0.2985,4.0075,0.2403,9,17,-0.0502,0.95,0.5881,19,26,0.1816,0.787,0.5031,37,26
"n_heliports",8.4626,4141.1169,0.2713,3,8,0.2624,12.9397,0.4899,9,17,-0.4843,5.6001,0.8599,19,26,-1.5953,3.4473,0.6924,37,26
"no_n_heliports",-2.5252,1035.2793,0.271,3,8,-0.2985,4.0075,0.2403,9,17,-0.0502,0.95,0.5881,19,26,0.1816,0.787,0.5031,37,26
"has_aerodrome",0,0,NA,3,8,0.129,2.3254,0.5467,9,17,0.0312,0.6091,0.5392,19,26,-0.1053,0.4208,0.4754,37,26
"has_heliport",2.5252,1035.2793,0.271,3,8,-0.0421,2.7936,0.3311,9,17,0.0883,0.808,0.7104,19,26,0.0583,0.688,0.9475,37,26
"ag_servi",0,0,0,3,8,0,0,0,9,17,0,0,0,19,26,0,0,0,37,26
"no_ag_servi",0,0,NA,3,8,0,0,NA,9,17,0,0,NA,19,26,0,0,NA,37,26
"pobl_prc",-37.8852,4155.6896,0.3194,3,8,-27.8876,56.9505,0.5183,9,17,-21.4522,24.8857,0.1412,19,26,-21.9515,22.4579,0.3026,37,26
"no_pobl_prc",0,0,NA,3,8,0,0,NA,9,17,0,0,NA,19,26,0,0,NA,37,26
"ag_dias",15.2957,7154.5662,0.2755,3,8,-1.9835,19.6475,0.3953,9,17,-0.9205,4.9161,0.5861,19,26,-0.7346,4.6059,0.7464,37,26
"no_ag_dias",-2.162,1022.0809,0.2755,3,8,0.2698,2.8152,0.4178,9,17,0.0599,0.7185,0.635,19,26,0.0571,0.6699,0.8322,37,26
"ag_horas",81.3278,15501.9446,0.5072,3,8,-15.1854,79.3333,0.258,9,17,-9.955,18.1701,0.2796,19,26,-7.4903,15.6084,0.3025,37,26
"no_ag_horas",-4.1411,650.8982,0.9701,3,8,0.7577,3.9682,0.2481,9,17,0.4858,0.9014,0.2971,19,26,0.3919,0.7667,0.3314,37,26
"serv_dre",0,0,0,3,8,0,0,0,9,17,0,0,0,19,26,0,0,0,37,26
"no_serv_dre",0,0,NA,3,8,0,0,NA,9,17,0,0,NA,19,26,0,0,NA,37,26
"dren_cab",-231.7134,101900.2119,0.2731,3,8,11.0197,293.1152,0.3465,9,17,8.8054,70.9461,0.7665,19,26,0.7287,65.1103,0.7634,37,26
"no_dren_cab",2.2715,1035.2793,0.2713,3,8,-0.1829,2.7376,0.3394,9,17,-0.1603,0.6852,0.6866,19,26,-0.0499,0.6493,0.6271,37,26
"dren_plu",2.3018,1035.2793,0.2712,3,8,0.3372,4.0274,0.5258,9,17,-0.0747,0.9838,0.5008,19,26,-0.1515,0.7888,0.7867,37,26
"no_dren_plu",0,0,NA,3,8,0,0,NA,9,17,0,0,NA,19,26,0,0,NA,37,26
"tot_conx",NA,NA,NA,NA,NA,NA,NA,NA,NA,NA,NA,NA,NA,NA,NA,NA,NA,NA,NA,NA
"no_tot_conx",-5.0092,650.8982,0.9692,3,8,-0.7905,5.2607,0.2563,9,17,-0.5447,1.0552,0.2662,19,26,-0.4139,0.8074,0.2756,37,26
"prest_nu",0,0,0,3,8,0.1394,0.5359,0.9697,9,17,0.1118,0.4082,0.7855,19,26,-0.0346,0.2069,0.107,37,26
"no_prest_nu",0,0,NA,3,8,0,0,NA,9,17,0,0,NA,19,26,0,0,NA,37,26
"n_sites_total",898.5431,489037.3422,0.2708,3,8,-237.9811,1275.2128,0.3915,9,17,-177.8594,304.5461,0.2394,19,26,-126.0124,286.4536,0.298,37,26
"n_aduana",-0.0055,0.4583,0.2979,3,8,0.5258,0.2294,0.3677,9,17,0.6626,0.4848,0.4356,19,26,0.5641,0.5544,0.1932,37,26
"n_puerto",0,0,NA,3,8,0.4418,2.007,0.3839,9,17,0.2393,1.2751,0.854,19,26,-0.0177,0.4536,0.167,37,26
"n_puerto_fronterizo",-0.0044,0.3667,0.2979,3,8,0.4207,0.1835,0.3677,9,17,0.4878,0.3748,0.2721,19,26,0.3752,0.4669,0.1742,37,26
"n_terminal_multimodal",1.6075,1035.2792,0.2712,3,8,-0.1484,2.8112,0.3364,9,17,-0.1145,0.764,0.5788,19,26,-0.0524,0.6311,0.5765,37,26
"n_estacion_ferrocarril",0,0,NA,3,8,-0.0254,0.0205,0.304,9,17,0.0153,0.1312,0.2731,19,26,0.0403,0.0521,0.3056,37,26
"n_zona_industrial",-0.0929,0.0521,0.2482,3,8,-0.0097,0.0521,0.8293,9,17,0.0811,0.0782,0.5931,19,26,0.0701,0.1481,0.7185,37,26
"n_almacen",0,0,NA,3,8,0,0,NA,9,17,-0.0378,0.0436,0.2482,19,26,-0.0934,0.0867,0.2794,37,26
"n_zona_libre",0,0,NA,3,8,0,0,NA,9,17,0,0,NA,19,26,0,0,NA,37,26
"n_aeropuerto",2.2979,1022.0809,0.2754,3,8,0.4823,4.0592,0.2412,9,17,0.3457,1.0134,0.8767,19,26,0.42,0.8248,0.8428,37,26
"n_aeropuerto_internacional",0.043,0.2129,0.2033,3,8,0.6137,0.6961,0.2977,9,17,0.5997,0.5028,0.3745,19,26,0.701,0.3576,0.3649,37,26
"n_pista_aerea",0,0,NA,3,8,-0.0522,0.0351,0.3434,9,17,-0.0209,0.1857,0.4823,19,26,-0.0554,0.1567,0.6981,37,26
"n_muelle_embarcadero",0.0457,0.0803,0.3279,3,8,0.1226,0.0694,0.2634,9,17,0.1495,0.1896,0.9207,19,26,0.1069,0.1233,0.1201,37,26
"n_terminal_transbordador",0,0,NA,3,8,-0.0159,0.0332,0.4033,9,17,0.023,0.0303,0.3128,19,26,0.0314,0.0234,0.3027,37,26
"n_central_camionera",3.9583,2070.5584,0.2713,3,8,-0.8364,5.4786,0.4027,9,17,-0.9077,1.3478,0.4828,19,26,-0.7541,1.2301,0.3706,37,26
"n_estacion_pesaje",-0.2787,0.1564,0.2482,3,8,0.1275,0.1156,0.2482,9,17,0.2468,0.0545,0.1621,19,26,0.2514,0.1667,0.4211,37,26
"n_caseta_inspeccion",-0.0929,0.0521,0.2482,3,8,-0.0677,0.0893,0.8539,9,17,0.2022,0.1491,0.367,19,26,0.197,0.289,0.8749,37,26
"n_estacion_combustible",149.4657,132555.5141,0.2585,3,8,-71.6339,293.5301,0.5119,9,17,-42.9733,74.8841,0.1125,19,26,-21.5237,73.4854,0.1921,37,26
"n_estacion_policia",0,0,NA,3,8,-0.0509,0.0409,0.304,9,17,0.0383,0.0591,0.6069,19,26,0.0312,0.1446,0.9631,37,26
"n_oficina_gobierno",5.6156,1395.0963,0.4045,3,8,-1.3256,6.2246,0.3216,9,17,-0.2155,1.5185,0.156,19,26,-0.3162,1.4929,0.6198,37,26
"n_palacio_gobierno",0,0,NA,3,8,-0.0198,0.6259,0.4827,9,17,0.1405,0.4635,0.9372,19,26,0.0851,0.3439,0.5471,37,26
"n_palacio_justicia",0,0,NA,3,8,0,0,NA,9,17,-0.0233,0.0138,0.098,19,26,-0.0143,0.0435,0.7747,37,26
"n_estacion_bomberos",0,0,NA,3,8,0,0,NA,9,17,0.0774,0.152,0.4048,19,26,0.0371,0.1457,0.5085,37,26
"n_hospital",68.9844,34164.2142,0.2713,3,8,-11.1437,90.0961,0.4052,9,17,-5.2101,21.5615,0.382,19,26,-2.5822,20.2367,0.5287,37,26
"n_emergencia_medica",5.9374,3105.8376,0.2713,3,8,-1.4913,8.1787,0.4001,9,17,-1.2429,1.9329,0.3393,19,26,-0.9536,1.8203,0.309,37,26
"n_primeros_auxilios",0,0,NA,3,8,-0.0969,0.0598,0.4393,9,17,0.039,0.1746,0.1194,19,26,0.1357,0.1057,0.0766,37,26
"n_universidad",190.616,93846.3625,0.2744,3,8,-40.0128,254.7591,0.3763,9,17,-34.1262,59.8717,0.3642,19,26,-24.6015,55.9556,0.3442,37,26
"n_centro_investigacion",-0.0929,0.0521,0.2482,3,8,0.0587,0.3148,0.3724,9,17,0.1611,0.3522,0.5746,19,26,0.0682,0.1667,0.1374,37,26
"n_atractivo_turistico",24.0622,17208.0738,0.2618,3,8,-6.4528,47.4376,0.3994,9,17,-5.1079,11.5697,0.3351,19,26,-3.7409,9.9826,0.3993,37,26
"n_hotel_motel",104.8938,54869.7984,0.2713,3,8,-25.8601,144.4875,0.3984,9,17,-22.6602,34.1418,0.3541,19,26,-17.9258,32.1527,0.3228,37,26
"n_museo",16.7471,7489.8447,0.2857,3,8,-4.2567,23.0272,0.3521,9,17,-2.3864,5.3412,0.1862,19,26,-1.5875,4.8887,0.3062,37,26
"n_monumento_historico",11.2754,4401.7958,0.2981,3,8,-1.0718,15.4275,0.3966,9,17,-1.5067,5.5425,0.998,19,26,-2.7417,3.8539,0.8539,37,26
"n_centro_cultural",3.8223,650.8982,0.9704,3,8,-0.8126,5.4045,0.2652,9,17,-0.6804,1.1638,0.3204,19,26,-0.5735,0.8715,0.2708,37,26
"n_centro_convenciones",1.8862,1035.2792,0.2713,3,8,-0.5286,2.7267,0.417,9,17,-0.4388,0.6501,0.3324,19,26,-0.2936,0.6147,0.2424,37,26
"n_lugar_esparcimiento",-5.3237,650.8983,0.9696,3,8,-0.3156,5.3314,0.2964,9,17,1.6949,2.5009,0.2236,19,26,1.2808,1.3093,0.3455,37,26
"n_mirador",1.9791,1035.2792,0.2713,3,8,-0.1694,3.0367,0.2571,9,17,-0.4539,1.0034,0.9478,19,26,-0.4372,0.6758,0.5715,37,26
"n_parque_diversiones",1.9805,1035.2792,0.2714,3,8,-0.2838,4.1475,0.3969,9,17,-0.3246,0.9632,0.8754,19,26,-0.2852,0.7596,0.6161,37,26
"n_parque_animal",-0.0926,0.0918,0.1549,3,8,0.413,2.326,0.5424,9,17,0.2116,0.6253,0.5543,19,26,0.249,0.3936,0.5857,37,26
"n_campo_golf",-0.1869,0.1251,0.8415,3,8,0.0288,0.3448,0.232,9,17,0.44,0.3881,0.4105,19,26,0.4037,0.2674,0.4606,37,26
"n_restaurante",96.9773,50728.6816,0.2713,3,8,-23.9084,133.5828,0.3984,9,17,-20.8856,31.565,0.353,19,26,-16.4283,29.7258,0.3206,37,26
"n_balneario",-0.0066,0.55,0.2979,3,8,1.6077,13.954,0.5404,9,17,0.6156,3.7863,0.799,19,26,0.3925,2.3482,0.6122,37,26
"n_ex_hacienda",11.9357,6211.6753,0.2713,3,8,-2.6741,16.362,0.4007,9,17,-2.1483,3.9042,0.3526,19,26,-1.5668,3.6528,0.3633,37,26
"n_presa_turistica",3.8942,2070.5585,0.2711,3,8,-0.4521,5.4782,0.3825,9,17,-0.0903,1.3688,0.502,19,26,0.1293,1.2913,0.5735,37,26
"n_area_natural_protegida",16.2325,8282.2337,0.2713,3,8,-3.4545,21.8172,0.3953,9,17,-2.5154,5.1877,0.3247,19,26,-1.5736,4.8877,0.37,37,26
"n_zona_arqueologica",0,0,NA,3,8,-0.1299,0.0899,0.5442,9,17,0.2532,0.2303,0.0359,19,26,0.159,0.2443,0.5557,37,26
"n_lago_laguna",0.0457,0.0803,0.3279,3,8,0.6162,4.4463,0.4336,9,17,-0.13,1.0785,0.2105,19,26,-0.3506,0.7684,0.4487,37,26
"n_cascada",0,0,NA,3,8,-0.0018,0.0458,0.3115,9,17,0.0028,0.0256,0.8755,19,26,0.0079,0.0182,0.6434,37,26
"n_pueblo_magico",0,0,NA,3,8,0,0,NA,9,17,0,0,NA,19,26,0,0,NA,37,26
"n_cenote",0,0,NA,3,8,0,0,NA,9,17,0,0,NA,19,26,0,0,NA,37,26
"n_gruta",0,0,NA,3,8,-0.0261,0.0176,0.3434,9,17,8e-04,0.0289,0.2827,19,26,0.0268,0.0453,0.1411,37,26
"n_ruinas",0,0,NA,3,8,0,0,NA,9,17,0,0,NA,19,26,0,0,NA,37,26
"n_teleferico_funicular",0,0,NA,3,8,0,0,NA,9,17,0,0,NA,19,26,0,0,NA,37,26
"n_museo_historia",9.7597,3379.6986,0.3087,3,8,-2.4042,12.4357,0.3036,9,17,-1.5981,2.7942,0.1629,19,26,-1.1413,2.3925,0.2323,37,26
"n_museo_arte",7.2661,4141.1169,0.2713,3,8,-1.8306,10.9083,0.417,9,17,-0.9633,2.6372,0.2502,19,26,-0.773,2.557,0.4665,37,26
"n_museo_ciencia",-0.2787,0.1564,0.2482,3,8,0.0192,0.1379,0.1752,9,17,0.2351,0.1117,0.42,19,26,0.3362,0.1458,0.3004,37,26
"n_museo_ninos",0,0,NA,3,8,-0.0411,0.0367,0.359,9,17,-0.0601,0.067,0.551,19,26,-0.0095,0.0777,0.0885,37,26
"n_turismo_historico",11.9357,6211.6753,0.2713,3,8,-2.804,16.3623,0.3989,9,17,-1.895,3.9289,0.2953,19,26,-1.4079,3.663,0.3858,37,26
"n_turismo_natural",8.2388,8966.3773,0.2553,3,8,-4.9738,19.8578,0.5368,9,17,-3.6925,5.019,0.1369,19,26,-2.7611,4.8264,0.2274,37,26
"n_turismo_cultural",31.8448,12181.064,0.3009,3,8,-6.1412,41.5731,0.3297,9,17,-4.5735,10.2729,0.4245,19,26,-4.9027,8.708,0.5464,37,26
"n_turismo_recreativo",-1.6501,1951.7267,0.2485,3,8,1.2805,16.8039,0.5152,9,17,2.1835,5.8118,0.6992,19,26,1.6037,3.2631,0.525,37,26
"n_turismo_total",161.0434,86963.4542,0.2713,3,8,-39.3098,236.7957,0.3817,9,17,-31.2125,55.5806,0.3238,19,26,-25.6519,51.3406,0.3777,37,26
"has_aduana",-0.0011,0.0917,0.2979,3,8,0.1052,0.0459,0.3677,9,17,0.1775,0.1588,0.9156,19,26,0.143,0.1626,0.2466,37,26
"has_puerto",0,0,NA,3,8,0.1282,0.6699,0.3939,9,17,0.1255,0.4437,0.5997,19,26,-0.0155,0.2358,0.1508,37,26
"has_puerto_fronterizo",-0.0011,0.0917,0.2979,3,8,0.1052,0.0459,0.3677,9,17,0.1458,0.0946,0.242,19,26,0.0898,0.1575,0.161,37,26
"has_aeropuerto",2.2066,1022.0809,0.2755,3,8,0.237,4.056,0.2565,9,17,0.0956,0.9599,0.9563,19,26,0.1569,0.7695,0.9468,37,26
"has_aeropuerto_internacional",-0.0483,0.0918,0.2152,3,8,0.3684,0.6731,0.3974,9,17,0.366,0.4205,0.6169,19,26,0.4295,0.1881,0.4004,37,26
"has_estacion_ferrocarril",0,0,NA,3,8,-0.0254,0.0205,0.304,9,17,0.0153,0.1312,0.2731,19,26,0.0403,0.0521,0.3056,37,26
"has_terminal_multimodal",1.8862,1035.2792,0.2713,3,8,-0.2759,2.8073,0.3124,9,17,-0.3227,0.761,0.5244,19,26,-0.2716,0.6223,0.4733,37,26
"has_zona_industrial",-0.0929,0.0521,0.2482,3,8,0.0164,0.0423,0.5104,9,17,0.0879,0.0582,0.7206,19,26,0.0793,0.1352,0.6218,37,26
"has_atractivo_turistico",-2.8317,1022.0809,0.2758,3,8,-0.561,2.9553,0.5639,9,17,-0.2445,0.823,0.2145,19,26,-0.1631,0.6842,0.3969,37,26
"has_hotel",1.9791,1035.2792,0.2713,3,8,-0.4879,2.7262,0.3984,9,17,-0.4514,0.6443,0.3613,19,26,-0.3673,0.607,0.3259,37,26
"has_tourism",-0.8002,0.2839,8e-04,3,8,-0.7984,0.7893,0.3565,9,17,-0.5889,0.4402,0.0264,19,26,-0.4699,0.2953,0.0019,37,26
"dist_gasproc_cent",-1027.7035,221153.4156,0.3183,3,8,-317.8562,864.7742,0.5827,9,17,-212.1117,388.6989,0.3076,19,26,-293.77,277.4412,0.6536,37,26
"nearest_gasproc_cent",NA,NA,NA,NA,NA,NA,NA,NA,NA,NA,NA,NA,NA,NA,NA,NA,NA,NA,NA,NA
"n_gasproc_25km_cent",-0.0011,0.0917,0.2979,3,8,0.1052,0.0459,0.3677,9,17,0.0996,0.0937,0.2632,19,26,0.1065,0.1079,0.4443,37,26
"n_gasproc_50km_cent",-0.0011,0.0917,0.2979,3,8,0.1052,0.0459,0.3677,9,17,0.1162,0.1602,0.9874,19,26,0.1224,0.1365,0.5207,37,26
"n_gasproc_100km_cent",-0.0011,0.0917,0.2979,3,8,0.1052,0.0459,0.3677,9,17,0.1162,0.1602,0.9874,19,26,0.1224,0.1365,0.5207,37,26
"dist_maritime_cent",319.0304,104447.986,0.2998,3,8,-31.8092,329.7351,0.852,9,17,49.0846,126.9812,0.5949,19,26,95.1253,95.7882,0.5549,37,26
"nearest_maritime_cent",NA,NA,NA,NA,NA,NA,NA,NA,NA,NA,NA,NA,NA,NA,NA,NA,NA,NA,NA,NA
"n_maritime_25km_cent",0,0,NA,3,8,0.1695,0.6688,0.3876,9,17,-0.0139,0.3957,0.5254,19,26,-0.0406,0.1335,0.486,37,26
"n_maritime_50km_cent",0,0,NA,3,8,0.1536,0.6696,0.4114,9,17,0.0091,0.3969,0.5781,19,26,-0.0092,0.1355,0.611,37,26
"n_maritime_100km_cent",0,0,NA,3,8,0.1536,0.6696,0.4114,9,17,0.0015,0.397,0.561,19,26,-0.0187,0.1381,0.6306,37,26
"dist_petrochem_cent",-1132.4937,186518.4495,0.3693,3,8,-370.7993,943.1485,0.5868,9,17,-137.7027,464.8082,0.2192,19,26,-184.042,348.9137,0.6234,37,26
"nearest_petrochem_cent",NA,NA,NA,NA,NA,NA,NA,NA,NA,NA,NA,NA,NA,NA,NA,NA,NA,NA,NA,NA
"n_petrochem_25km_cent",0,0,NA,3,8,0,0,NA,9,17,0,0,NA,19,26,0.0771,0.1059,0.1654,37,26
"n_petrochem_50km_cent",0.2541,0.2919,0.3406,3,8,0.1843,0.2436,0.3227,9,17,0.2066,0.2573,0.8158,19,26,0.2759,0.2546,0.854,37,26
"n_petrochem_100km_cent",0.8016,0.2949,0.0038,3,8,1.0602,0.9301,0.3116,9,17,0.7674,0.5223,0.0038,19,26,0.6005,0.3699,0.0011,37,26
"dist_refinery_cent",-597.5054,86503.2056,0.4953,3,8,-80.8274,446.8843,0.4413,9,17,55.7208,304.0677,0.5958,19,26,-85.6825,225.5644,0.3377,37,26
"nearest_refinery_cent",NA,NA,NA,NA,NA,NA,NA,NA,NA,NA,NA,NA,NA,NA,NA,NA,NA,NA,NA,NA
"n_refinery_25km_cent",0.2467,0.2803,0.3543,3,8,0.1784,0.24,0.3113,9,17,0.1339,0.2067,0.3521,19,26,0.2053,0.2101,0.7454,37,26
"n_refinery_50km_cent",0.7928,0.2954,0.0016,3,8,0.529,0.2496,0.0052,9,17,0.5306,0.2462,0.0658,19,26,0.6223,0.2344,0.0514,37,26
"n_refinery_100km_cent",3.0275,1035.2792,0.2709,3,8,0.7118,2.8876,0.5382,9,17,0.5582,0.8001,0.3603,19,26,0.4852,0.6642,0.2563,37,26
"dist_storage_cent",6.2994,10240.3265,0.248,3,8,16.4238,126.9465,0.5613,9,17,23.6461,33.6622,0.5619,19,26,2.748,28.5076,0.057,37,26
"nearest_storage_cent",NA,NA,NA,NA,NA,NA,NA,NA,NA,NA,NA,NA,NA,NA,NA,NA,NA,NA,NA,NA
"n_storage_25km_cent",0.642,1.0438,0.5494,3,8,0.986,3.4143,0.7644,9,17,0.8177,1.7402,0.5564,19,26,0.7083,1.1295,0.3785,37,26
"n_storage_50km_cent",5.9331,1035.2795,0.2696,3,8,4.4957,6.6374,0.7388,9,17,3.4962,2.8838,0.074,19,26,2.2955,1.6538,3e-04,37,26
"n_storage_100km_cent",16.9719,2369.0777,0.3293,3,8,9.8176,13.1236,0.9973,9,17,7.3511,5.1134,0.0128,19,26,5.086,3.3762,2e-04,37,26
"dist_any_cent",6.0215,10240.3265,0.248,3,8,15.4983,127.0182,0.5652,9,17,22.8022,33.6966,0.5813,19,26,1.4907,28.5153,0.0573,37,26
"n_any_25km_cent",0.8876,1.0358,0.4462,3,8,1.4391,3.7454,0.9657,9,17,1.0373,1.7463,0.368,19,26,1.0566,1.1672,0.3497,37,26
"n_any_50km_cent",6.9789,1035.2795,0.2691,3,8,5.4678,6.8657,0.9207,9,17,4.3588,2.7893,0.0349,19,26,3.3068,1.6597,1e-04,37,26
"n_any_100km_cent",20.7999,3379.6994,0.3071,3,8,11.8483,16.385,0.9284,9,17,8.7944,6.0768,0.0124,19,26,6.2754,4.0955,4e-04,37,26
"dist_gasproc_edge",-1060.3971,223450.6419,0.3235,3,8,-322.4859,905.846,0.534,9,17,-222.3482,373.0897,0.3006,19,26,-296.7519,272.8046,0.6053,37,26
"nearest_gasproc_edge",NA,NA,NA,NA,NA,NA,NA,NA,NA,NA,NA,NA,NA,NA,NA,NA,NA,NA,NA,NA
"n_gasproc_25km_edge",-0.0011,0.0917,0.2979,3,8,0.1052,0.0459,0.3677,9,17,0.0844,0.0969,0.1971,19,26,0.089,0.1359,0.543,37,26
"n_gasproc_50km_edge",-0.0011,0.0917,0.2979,3,8,0.1052,0.0459,0.3677,9,17,0.1162,0.1602,0.9874,19,26,0.1224,0.1365,0.5207,37,26
"n_gasproc_100km_edge",-0.0011,0.0917,0.2979,3,8,0.1052,0.0459,0.3677,9,17,0.1086,0.1618,0.9629,19,26,0.1037,0.144,0.4599,37,26
"dist_maritime_edge",296.0232,100465.1582,0.2966,3,8,-37.2793,329.2916,0.9975,9,17,35.0042,129.1875,0.6268,19,26,87.3626,95.7968,0.435,37,26
"nearest_maritime_edge",NA,NA,NA,NA,NA,NA,NA,NA,NA,NA,NA,NA,NA,NA,NA,NA,NA,NA,NA,NA
"n_maritime_25km_edge",0,0,NA,3,8,0.1536,0.6696,0.4114,9,17,0.0091,0.3969,0.5781,19,26,-0.0092,0.1355,0.611,37,26
"n_maritime_50km_edge",0,0,NA,3,8,0.1536,0.6696,0.4114,9,17,0.0329,0.406,0.8695,19,26,-0.0089,0.1401,0.4595,37,26
"n_maritime_100km_edge",0,0,NA,3,8,0.3287,2.1682,0.3673,9,17,-0.0451,0.5934,0.4263,19,26,-0.1259,0.3835,0.5995,37,26
"dist_petrochem_edge",-1168.7197,195037.2555,0.3702,3,8,-371.038,990.6356,0.5464,9,17,-151.9064,437.6275,0.22,19,26,-189.5321,342.6246,0.583,37,26
"nearest_petrochem_edge",NA,NA,NA,NA,NA,NA,NA,NA,NA,NA,NA,NA,NA,NA,NA,NA,NA,NA,NA,NA
"n_petrochem_25km_edge",0,0,NA,3,8,0,0,NA,9,17,0.0569,0.1512,0.3303,19,26,0.1228,0.1539,0.4125,37,26
"n_petrochem_50km_edge",0.2541,0.2919,0.3406,3,8,0.4271,0.7889,0.1286,9,17,0.1914,0.4429,0.118,19,26,0.1305,0.3176,0.243,37,26
"n_petrochem_100km_edge",0.8016,0.2949,0.0038,3,8,1.0602,0.9301,0.3116,9,17,0.8282,0.5123,0.0065,19,26,0.6211,0.3632,4e-04,37,26
"dist_refinery_edge",-619.0355,90422.0149,0.5053,3,8,-83.0479,495.962,0.3858,9,17,47.9265,283.2477,0.6022,19,26,-86.1449,218.2652,0.3519,37,26
"nearest_refinery_edge",NA,NA,NA,NA,NA,NA,NA,NA,NA,NA,NA,NA,NA,NA,NA,NA,NA,NA,NA,NA
"n_refinery_25km_edge",0.2467,0.2803,0.3543,3,8,0.1578,0.2407,0.3474,9,17,0.1509,0.2091,0.4453,19,26,0.294,0.2131,0.9283,37,26
"n_refinery_50km_edge",0.7928,0.2954,0.0016,3,8,0.529,0.2496,0.0052,9,17,0.5684,0.2959,0.2983,19,26,0.6723,0.2404,0.0735,37,26
"n_refinery_100km_edge",3.0275,1035.2792,0.2709,3,8,0.7118,2.8876,0.5382,9,17,0.5425,0.8001,0.352,19,26,0.4656,0.6641,0.251,37,26
"dist_storage_edge",-10.9683,2747.0816,0.9723,3,8,12.3406,49.3914,0.9273,9,17,17.2867,15.756,0.2814,19,26,3.7792,18.3633,0.0386,37,26
"nearest_storage_edge",NA,NA,NA,NA,NA,NA,NA,NA,NA,NA,NA,NA,NA,NA,NA,NA,NA,NA,NA,NA
"n_storage_25km_edge",2.4587,1.2533,0.0368,3,8,3.0442,4.3296,0.444,9,17,2.6769,2.1081,0.1068,19,26,1.8449,1.387,0.0027,37,26
"n_storage_50km_edge",7.2122,1035.2799,0.269,3,8,6.0022,6.359,0.8805,9,17,4.4641,2.7363,0.0101,19,26,3.022,1.822,0,37,26
"n_storage_100km_edge",17.4727,2369.0775,0.3292,3,8,10.5426,13.5967,0.8191,9,17,7.7615,4.9203,0.0056,19,26,5.2108,3.4519,1e-04,37,26
"dist_any_edge",-10.9683,2747.0816,0.9723,3,8,12.3406,49.3914,0.9273,9,17,17.2867,15.756,0.2814,19,26,3.528,18.3597,0.0363,37,26
"n_any_25km_edge",2.7044,1.1962,0.0201,3,8,3.4608,4.6331,0.5899,9,17,2.9783,2.0707,0.0695,19,26,2.3414,1.4071,0.0031,37,26
"n_any_50km_edge",8.258,1035.2799,0.2685,3,8,7.2171,7.0609,0.9024,9,17,5.373,2.789,0.0037,19,26,3.9383,1.8881,0,37,26
"n_any_100km_edge",21.3007,3379.6992,0.307,3,8,12.7483,17.3784,0.7324,9,17,9.1958,5.8127,0.0052,19,26,6.2753,4.2119,2e-04,37,26
"n_hosted",4.4076,650.8984,0.97,3,8,-0.2868,4.0151,0.2065,9,17,-0.2327,1.0375,0.5518,19,26,0.1411,0.8723,0.2849,37,26
"hosts_any",NA,NA,NA,NA,NA,NA,NA,NA,NA,NA,NA,NA,NA,NA,NA,NA,NA,NA,NA,NA
"km_ferrocarril_total",162.1209,26905.6231,0.4808,3,8,13.0959,143.9385,0.1421,9,17,17.8337,35.9417,0.6127,19,26,20.1197,31.1552,0.7089,37,26
"km_ferrocarril_operacion",108.0378,42551.3464,0.2709,3,8,19.8726,116.7832,0.2298,9,17,25.0613,34.0744,0.5073,19,26,27.1236,31.845,0.5782,37,26
"km_ferrocarril_sin_uso",54.0831,25564.9376,0.2755,3,8,-6.7767,75.9408,0.3494,9,17,-7.2277,17.3994,0.8005,19,26,-7.0039,16.201,0.7077,37,26
"km_ferrocarril_carga",103.6839,42551.3444,0.271,3,8,18.9796,116.4612,0.245,9,17,22.8847,33.2855,0.5165,19,26,24.1403,31.0768,0.5735,37,26
"km_ferrocarril_pasajeros",4.3539,5.7113,0.2701,3,8,1.8181,3.8916,0.2718,9,17,2.1495,3.2409,0.5174,19,26,2.1678,3.126,0.4717,37,26
"km_ferrocarril_carga_pasajeros",0,0,NA,3,8,-0.9251,0.6226,0.3434,9,17,0.0271,1.0257,0.2827,19,26,0.8155,1.4214,0.1515,37,26
"km_ferrocarril_inactivo",54.0831,25564.9376,0.2755,3,8,-6.7767,75.9408,0.3494,9,17,-7.2277,17.3994,0.8005,19,26,-7.0039,16.201,0.7077,37,26
"km_ferromex",41.8495,17416.0208,0.2712,3,8,1.1826,54.9766,0.1687,9,17,3.3345,22.2893,0.6044,19,26,0.5117,21.1792,0.7458,37,26
"km_kcs_mexico",42.5289,25135.325,0.2712,3,8,0.1193,66.4869,0.4454,9,17,5.4621,16.6969,0.7323,19,26,10.4201,16.1181,0.6252,37,26
"km_ferrosur",2.9644,2.2984,0.1901,3,8,3.5753,7.6265,0.6497,9,17,3.2519,7.4073,0.9523,19,26,3.6047,2.4383,0.2652,37,26
"km_tren_maya",0,0,NA,3,8,-0.875,0.7034,0.304,9,17,-0.0604,0.9579,0.2884,19,26,0.234,1.0319,0.2915,37,26
"km_istmo_tehuantepec",0,0,NA,3,8,0,0,NA,9,17,0,0,NA,19,26,0.4792,0.931,0.3324,37,26
"km_coahuila_durango",0,0,NA,3,8,0,0,NA,9,17,0,0,NA,19,26,0,0,NA,37,26
"km_ferrorvalle",16.8314,13.2254,0.1347,3,8,13.458,9.9046,0.1805,9,17,11.3565,8.1152,0.0601,19,26,10.5809,7.7854,0.0595,37,26
"km_tijuana_tecate",0,0,NA,3,8,0,0,NA,9,17,0,0,NA,19,26,0,0,NA,37,26
"km_jalisco",0,0,NA,3,8,0,0,NA,9,17,-0.4471,0.3486,0.3095,19,26,-0.5478,0.2239,0.315,37,26
"km_mexico_toluca",0,0,NA,3,8,-0.0204,0.4417,0.303,9,17,0.3608,0.2413,0.382,19,26,0.4334,0.1581,0.4491,37,26
"km_ferrocarril_suburbano",4.3539,5.7113,0.2701,3,8,2.7303,3.8026,0.2931,9,17,2.2958,3.0699,0.3298,19,26,2.0421,2.9413,0.2686,37,26
"km_puebla",0,0,NA,3,8,0,0,NA,9,17,0,0,NA,19,26,0,0,NA,37,26
"km_sin_concesion",53.5928,25564.9376,0.2755,3,8,-7.0742,75.9454,0.3509,9,17,-7.7204,17.4151,0.793,19,26,-7.6386,16.2178,0.7059,37,26
"has_ferrocarril",5.0092,650.8982,0.9692,3,8,0.7905,5.2607,0.2563,9,17,0.266,1.0645,0.0952,19,26,0.2432,0.8204,0.4203,37,26
"has_ferrocarril_operacion",2.9791,1035.2792,0.2709,3,8,0.9244,2.9113,0.4019,9,17,0.7192,0.8105,0.0835,19,26,0.7841,0.6653,0.2451,37,26
"has_ferrocarril_carga",2.9791,1035.2792,0.2709,3,8,0.9499,2.9114,0.406,9,17,0.721,0.8109,0.0774,19,26,0.7575,0.6662,0.2061,37,26
"has_ferrocarril_pasajeros",0.3213,0.4214,0.2701,3,8,0.1411,0.2856,0.3908,9,17,0.2723,0.242,0.7854,19,26,0.2424,0.2455,0.33,37,26
"has_ferrocarril_carga_pasajeros",0,0,NA,3,8,-0.0261,0.0176,0.3434,9,17,8e-04,0.0289,0.2827,19,26,0.0293,0.049,0.1568,37,26
