"covariate","coef_h0.5","se_h0.5","pval_h0.5","n_l_h0.5","n_r_h0.5","coef_h0.7529_OPT","se_h0.7529_OPT","pval_h0.7529_OPT","n_l_h0.7529_OPT","n_r_h0.7529_OPT","coef_h1","se_h1","pval_h1","n_l_h1","n_r_h1","coef_h1.5","se_h1.5","pval_h1.5","n_l_h1.5","n_r_h1.5"
"IM_2020",0.3042,1.9287,0.5089,21,11,0.3085,1.8154,0.6603,35,11,-0.215,1.4316,0.6822,57,14,-0.7539,1.2096,0.8486,128,21
"IE",2.7028,2.7511,0.0448,21,11,1.3179,2.8417,0.06,35,11,-0.1524,2.2091,0.2692,57,14,-0.4455,2.1688,0.8409,128,21
"TCVCU",0.7753,4.2562,0.8433,21,11,1.7338,4.4048,0.609,35,11,2.0021,4.4672,0.8031,57,14,2.9673,3.9805,0.9907,128,21
"ICE",2.8285,3.0737,0.0551,21,11,1.4345,3.0577,0.0649,35,11,-0.1904,2.324,0.256,57,14,-0.6377,2.2728,0.8125,128,21
"POBTOT",-88839.1573,159829.4182,0.8283,21,11,-89275.3166,144033.6654,0.7629,35,11,-97334.6335,139735.2352,0.4354,57,14,-127096.0767,131019.4852,0.5928,128,21
"VIVPAR_HAB",-12166.3043,55214.9966,0.432,21,11,-15144.1747,49572.8916,0.8456,35,11,-20926.7555,44607.8587,0.6908,57,14,-32949.1167,40569.3788,0.7937,128,21
"pct_VPH_SINTIC",0.0031,0.0064,0.8191,21,11,0.003,0.0063,0.7789,35,11,0.0052,0.0053,0.6968,57,14,0.006,0.0048,0.4344,128,21
"pct_VPH_C_ELEC",-3e-04,0.0481,0.8509,21,11,0.0069,0.0411,0.7924,35,11,0.0122,0.0317,0.9455,57,14,0.0178,0.0252,0.663,128,21
"pct_VPH_AGUADV",-0.008,0.0804,0.7066,21,11,-0.0073,0.0687,0.8826,35,11,-0.0019,0.0536,0.887,57,14,-1e-04,0.0422,0.9785,128,21
"pct_VPH_PISODT",-0.0111,0.0688,0.9874,21,11,-0.0028,0.0613,0.9078,35,11,-0.0031,0.0472,0.8712,57,14,-3e-04,0.0386,0.9688,128,21
"pct_VPH_PISOTI",0.0106,0.0365,0.7609,21,11,0.01,0.0363,0.6332,35,11,0.016,0.0316,0.7654,57,14,0.0204,0.0265,0.66,128,21
"pct_VPH_1CUART",0.0094,0.0409,0.9993,21,11,0.0204,0.0399,0.9537,35,11,0.0344,0.035,0.7535,57,14,0.0398,0.0297,0.3766,128,21
"km_carretera_fed",-52.6723,177.9045,0.8632,21,11,-42.8723,144.2999,0.7723,35,11,-28.7264,125.9183,0.6333,57,14,-4.7831,91.147,0.6727,128,21
"km_carretera_est",101.7958,109.4447,0.8202,21,11,99.6823,107.5311,0.6933,35,11,108.0392,89.8038,0.3356,57,14,92.4161,82.9701,0.146,128,21
"km_cuota",16.5641,60.1033,0.8647,21,11,18.9855,48.0446,0.8747,35,11,20.5701,36.5693,0.7026,57,14,17.2272,27.5713,0.4113,128,21
"km_camino",-323.6878,1030.9327,0.9678,21,11,-200.7936,967.5717,0.6648,35,11,-67.4726,903.5676,0.6998,57,14,64.8789,668.8137,0.8453,128,21
"km_vialidad_urbana",79.6894,986.4337,0.2986,21,11,-2.0931,655.7147,0.7076,35,11,0.1333,516.4389,0.9728,57,14,-74.0717,368.4221,0.8244,128,21
"km_total",-146.7981,2344.6596,0.5847,21,11,-115.4837,1830.6144,0.9609,35,11,32.6473,1562.858,0.8449,57,14,87.6455,1127.2195,0.9544,128,21
"tdpa_avg",-11005.6355,12442.446,0.4987,21,11,-13094.085,9170.773,0.1592,35,11,-9105.9375,6785.1524,0.0303,57,14,-5427.8576,7323.0838,0.1375,128,21
"punto_generador_count",-6.6148,8.1701,0.4225,21,11,-5.5121,7.9661,0.3456,35,11,-3.2082,7.1068,0.3033,57,14,-1.2371,5.5533,0.4055,128,21
"n_federal_offices",302.1309,347.9327,0.1414,21,11,281.9819,326.3773,0.16,35,11,230.1302,237.1172,0.186,57,14,155.3354,189.5648,0.1441,128,21
"ag_servi",0,0,0,21,11,0,0,0,35,11,0,0,0,57,14,0,0,0,128,21
"serv_dre",0,0,0,21,11,0,0,0,35,11,0.0035,0.0062,0.3103,57,14,0.0085,0.0176,0.6009,128,21
"ag_dias",2.3198,2.5558,0.2326,21,11,2.0734,2.3525,0.5143,35,11,1.5789,2.1797,0.331,57,14,1.5164,2.0328,0.4217,128,21
"ag_horas",6.7714,8.024,0.2596,21,11,5.6433,7.3273,0.5536,35,11,3.0496,7.0449,0.3597,57,14,3.9409,6.6163,0.6689,128,21
"n_schools_avg",5.1715,4.8112,0.3441,21,11,3.9555,4.9784,0.2159,35,11,2.6772,4.4553,0.2744,57,14,0.6516,3.8879,0.2873,128,21
"pct_con_bebederos",0.086,0.0865,0.2851,21,11,0.0404,0.0766,0.1051,35,11,0.0262,0.0667,0.424,57,14,-0.0078,0.0695,0.469,128,21
"pct_con_cancha",0.1914,0.2024,0.2607,21,11,0.1235,0.1808,0.1585,35,11,0.072,0.1618,0.3035,57,14,0.0129,0.1525,0.4061,128,21
"avg_anio_creacion",695.6284,658.9493,0.3572,21,11,621.4904,632.5034,0.1469,35,11,329.0601,579.702,0.1494,57,14,-32.0428,514.226,0.2911,128,21
"n_hospital",-1.1601,6.8441,0.9685,21,11,-2.3767,6.2155,0.7624,35,11,-3.8485,4.8577,0.6185,57,14,-2.4501,4.3748,0.3146,128,21
"n_turismo_total",5.847,17.4176,0.1395,21,11,3.993,15.284,0.3969,35,11,0.526,13.8194,0.7347,57,14,3.255,11.4799,0.9549,128,21
"n_sites_total",-10.7213,87.854,0.2936,21,11,-24.3009,72.4386,0.8136,35,11,-47.483,63.7807,0.7833,57,14,-26.7414,53.8902,0.3344,128,21
"no_tdpa_avg",0.3981,0.5464,0.2497,21,11,0.3536,0.5018,0.2819,35,11,0.1673,0.3616,0.1771,57,14,0.0467,0.3054,0.4233,128,21
"no_punto_generador_count",0.3981,0.5464,0.2497,21,11,0.3536,0.5018,0.2819,35,11,0.1673,0.3616,0.1771,57,14,0.0467,0.3054,0.4233,128,21
"no_m_avg",0.3981,0.5464,0.2497,21,11,0.3536,0.5018,0.2819,35,11,0.1673,0.3616,0.1771,57,14,0.0467,0.3054,0.4233,128,21
"no_a_avg",0.3981,0.5464,0.2497,21,11,0.3536,0.5018,0.2819,35,11,0.1673,0.3616,0.1771,57,14,0.0467,0.3054,0.4233,128,21
"no_b_avg",0.3981,0.5464,0.2497,21,11,0.3536,0.5018,0.2819,35,11,0.1673,0.3616,0.1771,57,14,0.0467,0.3054,0.4233,128,21
"no_c2_avg",0.3981,0.5464,0.2497,21,11,0.3536,0.5018,0.2819,35,11,0.1673,0.3616,0.1771,57,14,0.0467,0.3054,0.4233,128,21
"no_c3_avg",0.3981,0.5464,0.2497,21,11,0.3536,0.5018,0.2819,35,11,0.1673,0.3616,0.1771,57,14,0.0467,0.3054,0.4233,128,21
"no_t3s2_avg",0.3981,0.5464,0.2497,21,11,0.3536,0.5018,0.2819,35,11,0.1673,0.3616,0.1771,57,14,0.0467,0.3054,0.4233,128,21
"no_t3s3_avg",0.3981,0.5464,0.2497,21,11,0.3536,0.5018,0.2819,35,11,0.1673,0.3616,0.1771,57,14,0.0467,0.3054,0.4233,128,21
"no_t3s2r4_avg",0.3981,0.5464,0.2497,21,11,0.3536,0.5018,0.2819,35,11,0.1673,0.3616,0.1771,57,14,0.0467,0.3054,0.4233,128,21
"no_otros_avg",0.3981,0.5464,0.2497,21,11,0.3536,0.5018,0.2819,35,11,0.1673,0.3616,0.1771,57,14,0.0467,0.3054,0.4233,128,21
"no_aa_avg",0.3981,0.5464,0.2497,21,11,0.3536,0.5018,0.2819,35,11,0.1673,0.3616,0.1771,57,14,0.0467,0.3054,0.4233,128,21
"no_bb_avg",0.3981,0.5464,0.2497,21,11,0.3536,0.5018,0.2819,35,11,0.1673,0.3616,0.1771,57,14,0.0467,0.3054,0.4233,128,21
"no_cc_avg",0.3981,0.5464,0.2497,21,11,0.3536,0.5018,0.2819,35,11,0.1673,0.3616,0.1771,57,14,0.0467,0.3054,0.4233,128,21
"no_IM_2020",0,0,NA,21,11,0,0,NA,35,11,0,0,NA,57,14,0,0,NA,128,21
"no_IE",0,0,NA,21,11,0,0,NA,35,11,0,0,NA,57,14,0,0,NA,128,21
"no_TCVCU",0,0,NA,21,11,0,0,NA,35,11,0,0,NA,57,14,0,0,NA,128,21
"no_ICE",0,0,NA,21,11,0,0,NA,35,11,0,0,NA,57,14,0,0,NA,128,21
"no_VIVPAR_HAB",0,0,NA,21,11,0,0,NA,35,11,0,0,NA,57,14,0,0,NA,128,21
"no_POBTOT",0,0,NA,21,11,0,0,NA,35,11,0,0,NA,57,14,0,0,NA,128,21
"no_pct_VPH_SINTIC",0,0,NA,21,11,0,0,NA,35,11,0,0,NA,57,14,0,0,NA,128,21
"no_pct_VPH_C_ELEC",0,0,NA,21,11,0,0,NA,35,11,0,0,NA,57,14,0,0,NA,128,21
"no_pct_VPH_AGUADV",0,0,NA,21,11,0,0,NA,35,11,0,0,NA,57,14,0,0,NA,128,21
"no_pct_VPH_PISODT",0,0,NA,21,11,0,0,NA,35,11,0,0,NA,57,14,0,0,NA,128,21
"no_pct_VPH_PISOTI",0,0,NA,21,11,0,0,NA,35,11,0,0,NA,57,14,0,0,NA,128,21
"no_pct_VPH_1CUART",0,0,NA,21,11,0,0,NA,35,11,0,0,NA,57,14,0,0,NA,128,21
"no_n_schools_avg",-0.3515,0.3331,0.3568,21,11,-0.3138,0.3197,0.1472,35,11,-0.1667,0.293,0.1501,57,14,0.0157,0.26,0.2907,128,21
"no_pct_con_bebederos",-0.3515,0.3331,0.3568,21,11,-0.3138,0.3197,0.1472,35,11,-0.1667,0.293,0.1501,57,14,0.0157,0.26,0.2907,128,21
"no_pct_con_proteccion_civil",-0.3515,0.3331,0.3568,21,11,-0.3138,0.3197,0.1472,35,11,-0.1667,0.293,0.1501,57,14,0.0157,0.26,0.2907,128,21
"no_pct_con_cancha",-0.3515,0.3331,0.3568,21,11,-0.3138,0.3197,0.1472,35,11,-0.1667,0.293,0.1501,57,14,0.0157,0.26,0.2907,128,21
"no_avg_anio_creacion",-0.3515,0.3331,0.3568,21,11,-0.3138,0.3197,0.1472,35,11,-0.1667,0.293,0.1501,57,14,0.0157,0.26,0.2907,128,21
"no_n_federal_offices",0,0,NA,21,11,0,0,NA,35,11,0,0,NA,57,14,0.0071,0.0077,0.3231,128,21
"no_ag_servi",0,0,NA,21,11,0,0,NA,35,11,0,0,NA,57,14,0,0,NA,128,21
"no_pobl_prc",0,0,NA,21,11,0,0,NA,35,11,0,0,NA,57,14,0,0,NA,128,21
"no_ag_dias",-0.4608,0.456,0.2658,21,11,-0.4625,0.4292,0.4567,35,11,-0.3519,0.376,0.1984,57,14,-0.2842,0.3399,0.2615,128,21
"no_ag_horas",-0.4608,0.456,0.2658,21,11,-0.4625,0.4292,0.4567,35,11,-0.3031,0.3761,0.1907,57,14,-0.2776,0.3399,0.3536,128,21
"no_serv_dre",0,0,NA,21,11,0,0,NA,35,11,0,0,NA,57,14,0,0,NA,128,21
"no_dren_cab",0.0157,0.1314,0.3598,21,11,-0.0484,0.0525,0.3223,35,11,-0.0945,0.0274,0.3082,57,14,-0.0713,0.0997,0.5196,128,21
"no_dren_plu",0,0,NA,21,11,0,0,NA,35,11,0,0,NA,57,14,0,0,NA,128,21
"no_tot_conx",0,0,NA,21,11,0.0297,0.0123,0.312,35,11,-0.0294,0.0424,0.2292,57,14,-0.0228,0.0575,0.4942,128,21
"no_prest_nu",0,0,NA,21,11,0,0,NA,35,11,0.0035,0.0062,0.3103,57,14,0.0085,0.0176,0.6009,128,21
"no_n_aerodromes",-0.0849,0.9532,0.6391,21,11,-0.1312,0.6501,0.6777,35,11,-0.2356,0.5235,0.9082,57,14,-0.3372,0.3855,0.6669,128,21
"no_n_heliports",-0.0849,0.9532,0.6391,21,11,-0.1312,0.6501,0.6777,35,11,-0.2356,0.5235,0.9082,57,14,-0.3372,0.3855,0.6669,128,21
